raw_item,canonical_item,pack_count,base_unit,size_amount,size_unit,normalized_units_total,category_guess,perishable_guess
"Great Value Large White Eggs, 36 Count",Eggs,36,each,,,936.00,Uncategorized,Non-perishable
"King's Hawaiian Original Hawaiian Sweet Dinner Rolls 24 Count, 24 oz, Shelf-Stable",King S Hawaiian Hawaiian,24,each,24,oz,648.00,Uncategorized,Non-perishable
"Thomas' Plain Mini Bagels, 10 count, Kosher Mini Bagels, 15 oz Bag",Bagels,10,each,15,oz,590.00,Bakery,Non-perishable
"Great Value Large White Eggs, 18 Count",Eggs,18,each,,,504.00,Uncategorized,Non-perishable
"bubly Sparkling Water, The Super Mario Galaxy Movie Cherry, Zero Sugar & Zero Calories ,12 fl oz Cans (8 pack)​",Sparkling Water,8,each,12,fl oz,488.00,Beverages,Non-perishable
"Oscar Mayer Turkey Franks Hot Dogs, 16 oz, 10 ct Pack",Hot Dogs,10,each,16,oz,350.00,Meat,Non-perishable
"Fresh Banana, Each",Bananas,1,each,,,331.00,Produce,Perishable
La Banderita Yellow Corn Tortilla 30 Count,Tortillas,30,oz,,,330.00,Pantry,Non-perishable
"Ziploc® Brand Sandwich Bags with EasyGuide™ Texture, Grip 'n Seal Technology™, Food Storage, Zipper, 300 Count",Storage Bags,300,each,,,300.00,Uncategorized,Non-perishable
"bubly Sparkling Water, The Super Mario Galaxy Movie Lime, Zero Sugar & Zero Calories, 12 fl oz Cans (8 pack)​",Sparkling Water,8,each,12,fl oz,288.00,Beverages,Non-perishable
"Thomas' Light Multi-Grain English Muffins, 6 count, 100 Calories English Muffins, 12 oz Tray",English Muffins,6,each,12,oz,252.00,Bakery,Non-perishable
"Goody Ouchless Mini Poly Band Hair Ties, No Metal Gentle Hair Elastics, Clear, 250 Ct",Goody Ouchless Mini Poly,250,each,,,250.00,Uncategorized,Non-perishable
"Bagel Bites Three Cheese Mini Pizza Bagel Frozen Snacks, 40 ct Box",Frozen Pizza,40,each,,,200.00,Dairy,Perishable
"Melitta 8-12 Cup White Basket Coffee Filters, 200 Ct",Coffee Filters,200,each,,,200.00,Uncategorized,Non-perishable
"Oikos Pro Shots 10g Protein, Mixed Berry Cultured Dairy Drinks Bottles, 3.1 fl oz, 6 Count​",Protein Drinks,6,each,3.1,fl oz,192.00,Dairy,Perishable
"Great Value Disposable Paper Plates, 10"", 150 Count",Paper Plates,150,each,,,150.00,Uncategorized,Non-perishable
"GoGo squeeZ Applesauce and Fruit Puree, Apple Apple Snack Pouches, 3.2 oz, 20 Pack",Applesauce,20,each,3.2,oz,120.00,Produce,Perishable
"Oikos Pro Shots 10g Protein, Mango Cultured Dairy Drinks Bottles, 3.1 fl oz, 6 Count​",Protein Drinks,6,each,3.1,fl oz,120.00,Dairy,Perishable
"Activia Probiotic Dailies Strawberry Low Fat Probiotic Yogurt Drinks, Helps Support Gut Health, 3.1 fl oz, 8 Count",Yogurt Drinks,8,each,3.1,fl oz,112.00,Dairy,Perishable
"Great Value Disposable Paper Plates, 8.5"", 100 Count",Paper Plates,100,each,,,100.00,Uncategorized,Non-perishable
"Pen+Gear No. 1 Size Smooth Paper Clips, Silver, 100 Count",Pen Gear No Size,100,each,,,100.00,Uncategorized,Non-perishable
"Pen+Gear Push Pins in Clamshell, Clear Plastic Head, Steel Point, 100 Count.",Pen Gear Push Pins,100,each,,,100.00,Uncategorized,Non-perishable
"Great Value Fresh Seal Double Zipper Sandwich Bags, 100 Count",Storage Bags,100,each,,,100.00,Uncategorized,Non-perishable
"GoGo squeeZ No Sugar Added Apple Apple Applesauce & Fruit Puree Pouches, 3.2 oz (24 Pack)",Applesauce,24,each,3.2,oz,96.00,Produce,Perishable
"Mission Super Soft Flour Tortillas, Soft Taco Size, 10 Count",Tortillas,10,each,,,90.00,Uncategorized,Non-perishable
"Pillsbury Grands! Southern Style Frozen Breakfast Biscuits, Value Pack, 20 ct., 41.6 oz",Pillsbury Grands Southern Style,20,each,41.6,oz,80.00,Uncategorized,Non-perishable
"Oral‑B Floss, Glide Ultra Deep Clean Floss Picks 75 Count",Oral B Floss Glide,75,each,,,75.00,Uncategorized,Non-perishable
Chobani 20G Protein Low-Fat Greek Yogurt Drink Strawberries & Cream 10 fl oz Bottle,Protein Drinks,1,each,10,fl oz,75.00,Dairy,Perishable
"Great Value Whole Vitamin D Milk, Gallon, 128 fl oz",Milk,1,fl oz,128,fl oz,74.00,Dairy,Perishable
"Eggland's Best Large White Eggs, 18 Count",Eggs,18,each,,,72.00,Uncategorized,Non-perishable
"Deer Park Spring Water - 32 Pack/16.9 FL Oz, Plastic Bottles",Bottled Water,32,each,16.9,fl oz,64.00,Uncategorized,Non-perishable
"Swiffer Sweep + Mop Heavy Duty Wet Refills, Multi-Surface Floor Cleaner, Unstopables Fresh, 20 Count",Swiffer Sweep Mop Heavy,20,each,,,60.00,Uncategorized,Non-perishable
"Great Value Uncooked Original Breakfast Pork Sausage Links, 12 oz Package",Sausage,1,each,12,oz,55.00,Meat,Perishable
"Eggland's Best Extra Large White Eggs, 18 Count",Eggs,18,each,,,54.00,Uncategorized,Non-perishable
"Nature's Own WhiteWheat Healthy White Bread, Sliced White Bread Loaf, 20 oz, Shelf-Stable",Bread,1,oz,20,oz,52.00,Bakery,Non-perishable
"Dixie Disposable Paper Plates, 8.5"", Multi-Color, 50 Count",Paper Plates,50,each,,,50.00,Uncategorized,Non-perishable
"Dum Dums Valentines cards for kids classroom, Valentines Party Favors, Original Flavors Lollipops Valentines Candy Bouquets, 8.6 oz, 50 Ct Box",Dum Dums Valentines Cards,50,each,8.6,oz,50.00,Uncategorized,Non-perishable
"Oikos Pro 23g Protein, Mango Pineapple Cultured Dairy Drink Bottle, 7 fl oz",Protein Drinks,1,each,7,fl oz,50.00,Produce,Perishable
"Great Value Disposable Plastic White Forks, 48 Count",Disposable Plastic White Forks,48,each,,,48.00,Uncategorized,Non-perishable
"Emergen-C Immune+ Gummies Vitamin C Supplement for Immune Support, Super Orange, 45 Ct",Emergen C Immune Gummies,45,each,,,45.00,Uncategorized,Non-perishable
Goodnites Boys' Disposable Nighttime Underwear - Size XS - 44ct | HRA/FSA Eligible,Goodnites Boys Disposable Nighttime,44,each,,,44.00,Uncategorized,Non-perishable
"Thomas' Cinnamon Raisin Bagels, 6 count, 9g Protein, Kosher Bagels, 20 oz Bag",Bagels,6,each,20,oz,42.00,Bakery,Non-perishable
"Little Debbie Vanilla Christmas Tree Cakes, 8.52 oz, 5 Count",Little Debbie Vanilla Christmas,5,each,8.52,oz,40.00,Uncategorized,Non-perishable
"Lunchables Ham & Cheddar Value Pack, 1.9 oz Pack",Lunchables Ham Cheddar Value,1,each,1.9,oz,40.00,Uncategorized,Non-perishable
"Pillsbury Orange Rolls with Cinnabon Cinnamon and Orange Icing, 8 Count, 13.9 oz",Pillsbury Orange Rolls With,8,each,13.9,oz,40.00,Uncategorized,Non-perishable
"Chobani 20G Protein Low-Fat Greek Yogurt Drink, Strawberries and Cream 10 fl oz Bottle, 4 Pack",Protein Drinks,4,each,10,fl oz,40.00,Dairy,Perishable
"Starry Lemon Lime Soda Pop, 7.5 fl oz, 10 Pack Mini Cans",Soda,10,each,7.5,fl oz,40.00,Uncategorized,Non-perishable
"Fresh Glorys Cherry Tomatoes, 10 oz Package",Tomatoes,1,each,10,oz,40.00,Produce,Perishable
"Great Value Petite Diced Tomatoes in Tomato Juice, 14.5 oz",Tomatoes,1,each,14.5,oz,38.00,Produce,Perishable
"Pepperidge Farm White Hot Dog Buns, Top Sliced, 8-Pack Bag",Hot Dog Buns,1,each,,,37.00,Bakery,Non-perishable
"Dixie To Go Disposable Paper Cups, 12 oz, Multi-Color, 36 Count",Dixie To Go Disposable,36,each,12,oz,36.00,Uncategorized,Non-perishable
"Gatorade Sports Drink, Fruit Punch/Glacier Cherry/Cool Blue Variety Pack, 12 fl oz, 18 Count Bottles",Gatorade Sports Drink Fruit,18,each,12,fl oz,36.00,Uncategorized,Non-perishable
"Great Value Whole Milk Low-Moisture Mozzarella String Cheese Sticks, 12 oz, 12 Count",String Cheese,12,fl oz,12,oz,36.00,Dairy,Perishable
"Great Value Mozzarella String Cheese Sticks, 12 oz Bag, 12 Count",String Cheese,12,oz,12,oz,36.00,Dairy,Perishable
"Oikos Pro 23g Protein, Peach Cultured Dairy Drink Bottle, 7 fl oz",Protein Drinks,1,each,7,fl oz,33.00,Dairy,Perishable
"Olé Mexican Foods Xtreme Wellness High Fiber Keto Certified Flour Tortilla Wraps, 12.7 oz, 8 Count",Tortillas,8,each,12.7,oz,32.00,Uncategorized,Non-perishable
"GoGo squeeZ Active Electrolyte No Sugar Added Strawberry Pineapple Orange Fruit Blend, 3.9 oz (10 Pack)",Applesauce,10,each,3.9,oz,30.00,Produce,Perishable
"Goody Ouchless Hair Elastics, No Metal Gentle Hair Ties, Blonde, 30 Ct",Goody Ouchless Hair Elastics,30,each,,,30.00,Uncategorized,Non-perishable
"SUPERPRETZEL Bavarian Soft Pretzel Sticks, 24 oz, 10 Count (Frozen)",Superpretzel Bavarian Soft Pretzel,10,each,24,oz,30.00,Uncategorized,Non-perishable
"Oikos Pro 23g Protein, Strawberry Banana Cultured Dairy Drink Bottle, 7 fl oz",Protein Drinks,1,each,7,fl oz,28.00,Produce,Perishable
"Allegra Adult 24-Hour Allergy Relief Gelcaps, Non-Drowsy Allergy Medicine, 180 mg Pill, 24 Count",Allegra Adult Hour Allergy,24,each,,,24.00,Uncategorized,Non-perishable
Marketside Envy Apples 3 Lb Bag,Apples,1,each,3,lb,24.00,Produce,Perishable
"Gatorade Thirst Quencher Cool Blue Sports Drinks, 12 fl oz, 12 Count Bottles",Gatorade Thirst Quencher Cool,12,each,12,fl oz,24.00,Uncategorized,Non-perishable
"KIND Gluten Free Peanut Butter Dark Chocolate Snack Bars, Value Pack, 1.4 oz, 12 Count, Cardboard Box",Granola Bars,12,each,1.4,oz,24.00,Uncategorized,Non-perishable
"Martin's Hoagie Rolls, 6 count",Martin S Hoagie Rolls,6,each,,,24.00,Uncategorized,Non-perishable
"Midol Complete Menstrual Pain Relief Gelcaps With Acetaminophen for Menstrual Symptom, PMS Relief, and Period Cramp Relief - 24 Count",Midol Complete Menstrual Pain,24,each,,,24.00,Uncategorized,Non-perishable
"Pillsbury Grands! Southern Homestyle Buttermilk Biscuits, 2 Pack, 16 Biscuits, 32.6 oz",Pillsbury Grands Southern Homestyle,2,fl oz,32.6,oz,24.00,Dairy,Perishable
Sweet Loren's Gluten Free Vegan Fudgy Brownie Cookie Dough - 12oz/12ct,Sweet Loren S Gluten,12,each,12,oz,24.00,Uncategorized,Non-perishable
"Swiffer Sweep + Mop, Wet Pads Refill, Floor Cleaner, Cleaning Cloths, Gain, 24 Count",Swiffer Sweep Mop Wet,24,each,,,24.00,Uncategorized,Non-perishable
"Tylenol Cold + Flu Severe Caplets for Multi-Symptom Relief, 24 Count.",Tylenol Cold Flu Severe,24,each,,,24.00,Uncategorized,Non-perishable
"Vicks DayQuil NyQuil Severe Cough, Cold & Flu Relief LiquiCaps, 24 Ct",Vicks Dayquil Nyquil Severe,24,each,,,24.00,Uncategorized,Non-perishable
"Oikos Triple Zero 17g Protein, 0g Added Sugar, Fat Free Vanilla Greek Yogurt Tub, 32 oz",Oikos Triple Zero G,1,each,32,oz,23.00,Dairy,Perishable
"McCormick Chili Seasoning Mix, 1.25 oz Packet",Mccormick Chili Seasoning Mix,1,each,1.25,oz,22.00,Uncategorized,Non-perishable
GoGo SqueeZ No Sugar Added Applesauce and Fruit Puree Apple Apple - 3.2oz/20ct,Applesauce,20,each,3.2,oz,20.00,Produce,Perishable
"Capri Sun Summer Blast Passion Fruit Mango Flavored Juice Drink Blend, from Concentrate with Other Natural Flavor, 10 ct Box, 6 fl oz Pouches, Liquids",Juice,10,each,6,fl oz,20.00,Uncategorized,Non-perishable
"Glad ForceFlex MaxStrength Tall Kitchen Drawstring Trash Bags, 13 Gallon, Odorshield, 20 Count",Trash Bags,20,each,,,20.00,Uncategorized,Non-perishable
"Smucker’s Uncrustables Peanut Butter & Grape Jelly Sandwiches, 10 Count, 2 oz Each, Frozen",Smucker S Uncrustables Peanut,10,each,2,oz,20.00,Uncategorized,Non-perishable
"Swiffer Heavy Duty Mop Wet Multi-Surface Cloth Refills for Floor Mopping, Lavender, 20 Count",Swiffer Heavy Duty Mop,20,each,,,20.00,Uncategorized,Non-perishable
Tazo Passion Herbal Tea Bags - 20ct,Tazo Passion Herbal Tea,20,each,,,20.00,Uncategorized,Non-perishable
Tazo Wild Sweet Orange Caffeine-Free Herbal Tea Bags - 20ct,Tazo Wild Sweet Orange,20,each,,,20.00,Uncategorized,Non-perishable
Chinet Comfort Cup - 18ct/16oz,Chinet Comfort Cup,18,each,16,oz,18.00,Uncategorized,Non-perishable
"FARMHOUSE EGGS, Cage Free Large Brown Eggs, 18 Count",Eggs,18,each,,,18.00,Uncategorized,Non-perishable
"Gatorade Sports Drinks, Grape,Strawberry and Berry Flavored Variety Pack, 12 fl oz, 18 Count Bottles",Gatorade Sports Drinks Grape,18,each,12,fl oz,18.00,Uncategorized,Non-perishable
Grade A Large Eggs - 18ct - Good & Gather™ (Packaging May Vary),Eggs,18,each,,,18.00,Uncategorized,Non-perishable
"Pacific Foods Organic Creamy Tomato Soup, 32 oz Carton",Tomatoes,1,each,32,oz,18.00,Produce,Perishable
"GoGo squeeZ No Sugar Added Apple Applesauce & Fruit Puree Pouches, 3.2 oz (16 Pack)",Applesauce,16,each,3.2,oz,16.00,Produce,Perishable
ASP Cough & ST Adult FizzyChews 16CT,Asp Cough St Adult,16,each,,,16.00,Uncategorized,Non-perishable
"Plum Organics® Tots Mighty Builder Fruit & Veggie Blend Pear, White Bean, Blueberry, Date + Chia & Banana, White Bean, Strawberry + Chia 4oz Pouch-8-pack",Kids Fruit Pouches,1,each,4,oz,16.00,Produce,Perishable
"Planet Oat Oat Milk, Velvety & Smooth, Barista Lovers, 52 fl oz",Oat Milk,1,fl oz,52,fl oz,16.00,Dairy,Perishable
Pillsbury Grands! Southern Homestyle Buttermilk Biscuits - 16.3oz/8ct,Pillsbury Grands Southern Homestyle,8,fl oz,16.3,oz,16.00,Dairy,Perishable
Tazo Organic Green Ginger Tea Bags - 16ct,Tazo Green Ginger Tea,16,each,,,16.00,Uncategorized,Non-perishable
"Traditional Medicinals, Organic Turmeric with Meadowsweet & Ginger Herbal Tea Bags, 16 Count",Traditional Medicinals Turmeric With,16,each,,,16.00,Uncategorized,Non-perishable
"Yogi Tea Elderberry Lemon Balm Immune Plus Stress, Herbal Tea Bags, 16 Count",Yogi Tea Elderberry Lemon,16,each,,,16.00,Uncategorized,Non-perishable
"Activia Probiotic Dailies Strawberry and Blueberry Low Fat Probiotic Yogurt Drinks, Helps Support Gut Health, 3.1 fl oz, 8 Count",Yogurt Drinks,8,each,3.1,fl oz,16.00,Dairy,Perishable
"Nature's Own 100% Whole Wheat, Whole Wheat Sandwich Bread, 20 oz Loaf, Shelf-Stable",Bread,1,oz,20,oz,15.00,Bakery,Non-perishable
"Little Debbie Christmas Tree Brownies, 8 oz, 5 Count",Little Debbie Christmas Tree,5,each,8,oz,15.00,Uncategorized,Non-perishable
"Pepperidge Farm Raisin Cinnamon Swirl Breakfast Bread, 16 oz Loaf",Bread,1,oz,16,oz,14.00,Bakery,Non-perishable
"Jimmy Dean Fully Cooked Original Pork Sausage Links, 9.6 oz, 12 Count",Sausage,12,each,9.6,oz,12.00,Meat,Perishable
"Cascade Platinum Dishwasher Pods, Dishwasher Detergent, Dish Detergent Soap, Fresh, 12 Count",Dishwasher Detergent,12,each,,,12.00,Uncategorized,Non-perishable
"Crest Toothpaste, 3DWhite Advanced Whitening Toothpaste, Radiant Mint, 3.3 oz, 3 Pack",Toothpaste,3,each,3.3,oz,12.00,Uncategorized,Non-perishable
"Keebler Waffle Ice Cream Cones, 5 oz, 12 ct",Keebler Waffle Ice Cream,12,each,5,oz,12.00,Uncategorized,Non-perishable
"Kraft String Cheese Mozzarella Cheese Snacks, 12 ct Sticks",String Cheese,12,oz,,,12.00,Dairy,Perishable
"Great Value Low-Moisture Part-Skim Mozzarella String Cheese Snack, 12 oz, 12 Count",String Cheese,12,oz,12,oz,12.00,Dairy,Perishable
"HERSHEY’S a2 Milk® Chocolate 2% Reduced Fat Milk Boxes, 8 oz, 12-Pack",Protein Milk,1,fl oz,8,oz,12.00,Dairy,Perishable
"Oikos Pro 20g Protein, Vanilla Yogurt-Cultured Ultra-Filtered Milk&nbsp;Product Cups, 5.3 oz, 4 Count",Protein Milk,4,fl oz,5.3,oz,12.00,Dairy,Perishable
"Pen+Gear Letter Size Hanging File Folders, 12 Count, Green",Pen Gear Letter Size,12,each,,,12.00,Uncategorized,Non-perishable
"Fresh Romaine Lettuce Hearts 3 Count, Each",Romaine Lettuce Hearts Each,3,each,,,12.00,Uncategorized,Non-perishable
"Great Value Waffles Cones, 7 oz, 12 Count",Waffles Cones,12,each,7,oz,12.00,Uncategorized,Non-perishable
"WHOLLY GUACAMOLE Minis Paste, Classic, 12oz, 6 Pack",Wholly Guacamole Minis Paste,6,each,12,oz,12.00,Uncategorized,Non-perishable
"Fresh Honeycrisp Apples, 3 lb Bag",Apples,1,each,3,lb,10.00,Produce,Perishable
"Little Debbie Chocolate Christmas Tree Cakes, 8.25 oz, 5 Count",Little Debbie Chocolate Christmas,5,each,8.25,oz,10.00,Uncategorized,Non-perishable
Cabot Creamery Cabot Whole Milk Plain Greek Yogurt 2 lb (Refrigerated  Tub),Yogurt,1,fl oz,2,lb,10.00,Dairy,Perishable
"Old El Paso Stand 'N Stuff Taco Shells, Gluten Free, Meal Prep, 10 Count, 4.7 oz",Old El Paso Stand,10,each,4.7,oz,10.00,Uncategorized,Non-perishable
"Pillsbury Grands! Cinnamon Rolls, with Cinnabon Cinnamon and Original Icing, 5 Count, 17.5 oz",Pillsbury Grands Cinnamon Rolls,5,each,17.5,oz,10.00,Uncategorized,Non-perishable
"Smucker’s Uncrustables Peanut Butter & Strawberry Jam Sandwiches, 10 Count, 2 oz Each, Frozen",Smucker S Uncrustables Peanut,10,each,2,oz,10.00,Uncategorized,Non-perishable
"Swiffer Dusters Multi-Surface Refills, Unscented, 10 Count Dusters",Swiffer Dusters Multi Surface,10,each,,,10.00,Uncategorized,Non-perishable
"Safety 1st Parent Grip Door Knob Covers, White, 3 pack, Toddler",Safety St Parent Grip,3,each,,,9.00,Uncategorized,Non-perishable
"Fresh Slicing Tomato, Each",Tomatoes,1,each,,,9.00,Produce,Perishable
"Ball Park White Burger Buns, 8 count, Kosher Hamburger Buns, 15 oz Bag",Hamburger Buns,8,each,15,oz,8.00,Bakery,Non-perishable
"Combat Max Large Roach Killing Bait Stations, Child-resistant, 8 Count",Combat Max Large Roach,8,each,,,8.00,Uncategorized,Non-perishable
"Dr. Scholl's Blister Pain Relief Complete Kit with Lidocaine, 8 Count",Dr Scholl S Blister,8,each,,,8.00,Uncategorized,Non-perishable
"Drumstick Crushed It Cookies and Cream Sundae Cones, Kosher, 8 Count",Drumstick Crushed It Cookies,8,each,,,8.00,Uncategorized,Non-perishable
"Goody Sport Active Elastic Hair Ties, Assorted Colors, 8 ct",Goody Sport Active Elastic,8,each,,,8.00,Uncategorized,Non-perishable
"Ivory Bar Soap, Original Scent, All Skin Types, 4 Count, 4 Ounces Each",Body Soap,4,each,,,8.00,Uncategorized,Non-perishable
MAGIC SPOON S'Mores Protein Bar Treat - 12g Protein - 5.6oz/4ct,Granola Bars,4,each,5.6,oz,8.00,Uncategorized,Non-perishable
"(4 pack) Old El Paso Mild Red Enchilada Sauce, 1 Ct., 10 oz.",Old El Paso Mild,4,each,10,oz,8.00,Uncategorized,Non-perishable
"OREO Cakesters Soft Snack Cakes, 5 - 2.02 oz Snack Packs",Oreo Cakesters Soft Snack,1,each,2.02,oz,8.00,Uncategorized,Non-perishable
"Pillsbury Original Crescent Rolls, Dough, 2 Pack, 16 Rolls, 16 oz",Pillsbury Crescent Rolls Dough,2,each,16,oz,8.00,Uncategorized,Non-perishable
"LaCroix Black Razzberry Sparkling Water 8pk/12 fl oz Cans, 8 Pack (Quantity)",Sparkling Water,8,each,12,fl oz,8.00,Beverages,Non-perishable
"Blue Diamond Almonds, Lightly Salted Snack Almonds perfect for lunches and on-the-go, 25 oz.",Blue Diamond Almonds Lightly,1,each,25,oz,7.00,Uncategorized,Non-perishable
"The Cheesecake Factory At Home Famous ""Brown Bread"" Wheat Dinner Rolls",Bread,1,oz,,,7.00,Dairy,Perishable
"Great Value Uncooked Original Breakfast Pork Sausage Patties, 12 oz Package (Refrigerated)",Sausage,1,each,12,oz,7.00,Meat,Perishable
"Cholula Kosher Green Pepper Hot Sauce, 5.0 fl oz Bottle",Cholula Green Pepper Hot,1,each,5.0,fl oz,7.00,Uncategorized,Non-perishable
"""JIFFY"" Corn Muffin Mix, 8.5 oz Box",Corn,1,each,8.5,oz,7.00,Bakery,Non-perishable
"McCormick 30% Less Sodium Taco Seasoning Mix, 1.0 oz Packet",Mccormick Less Sodium Taco,1,each,1.0,oz,7.00,Uncategorized,Non-perishable
Mr. Clean Magic Eraser Extra Durable All Purpose Cleaning Pads with Durafoam 7 Count,Mr Clean Magic Eraser,7,each,,,7.00,Uncategorized,Non-perishable
"Heinz Tomato Ketchup, 32 oz Bottle",Ketchup,1,each,32,oz,7.00,Produce,Perishable
"Great Value Hard Boiled Eggs, 9.31 oz, 6 Count",Eggs,6,each,9.31,oz,6.00,Uncategorized,Non-perishable
"Ophanie Adhesive Shower Caddy 6 Pack, Large Capacity Bathroom Organizers and Storage, No Drilling Wall-Mounted Basket, Black",Ophanie Adhesive Shower Caddy,6,each,,,6.00,Uncategorized,Non-perishable
"PLANTERS Deluxe Honey Roasted Whole Cashews, Sweet and Salty Snacks, Plant Based Protein, 8.25 oz Steel Can",Planters Deluxe Honey Roasted,1,each,8.25,oz,6.00,Uncategorized,Non-perishable
Plum Organics® Teensy® Snacks Mixed Berry Soft Fruit Snacks .35oz Pouch/5-Count Box,Plum Organics Teensy Snacks,1,each,35,oz,6.00,Uncategorized,Non-perishable
"Fresh Small Hass Avocados, 5-6 Count Bag",Avocados,6,each,,,6.00,Uncategorized,Non-perishable
Starbucks Peppermint Hot Cocoa Mix - 6oz/6ct,Starbucks Peppermint Hot Cocoa,6,each,6,oz,6.00,Uncategorized,Non-perishable
Oikos Pro Strawberry Cultured Dairy Drink - 3.1 fl oz/6ct,Yogurt Drinks,6,each,3.1,fl oz,6.00,Dairy,Perishable
"The Cheesecake Factory At Home Famous ""Brown Bread"" Sweet Wheat Sandwich Loaf, 18.7 oz, Kosher Rye Bread, Bag",Bread,1,oz,18.7,oz,5.00,Dairy,Perishable
"Colgate 360 Whole Mouth Clean Adult Manual Toothbrush, Medium, 5 Pack",Toothbrushes,5,each,,,5.00,Uncategorized,Non-perishable
"Kodiak Protein-Packed Power Cakes Buttermilk Pancake and Waffle Mix, 20 oz Box",Kodiak Protein Packed Power,1,fl oz,20,oz,5.00,Dairy,Perishable
"(5 pack) Lunchables Ham and Cheddar Cracker Stackers Value Snack Kit, 1.9 oz Tray, Refrigerated, Pieces",Crackers,5,each,1.9,oz,5.00,Uncategorized,Non-perishable
"Core Power Protein Shake with 26g Protein by fairlife Milk, Chocolate, 14 fl oz",Protein Milk,1,fl oz,14,fl oz,5.00,Dairy,Perishable
"Oikos Pro 23g Protein, Vanilla Yogurt-Cultured Ultra-Filtered Milk Product Tub, 32 oz​",Protein Milk,1,fl oz,32,oz,5.00,Dairy,Perishable
"Siete Mild Taco Seasoning, Mixed Spice, 1.31 oz. Packet",Siete Mild Taco Seasoning,1,each,1.31,oz,5.00,Uncategorized,Non-perishable
So Good So You Energy Passionfruit Organic Probiotic Shot - 1.7 fl oz,So Good So You,1,each,1.7,fl oz,5.00,Uncategorized,Non-perishable
"Swanson White Premium Chunk Chicken Breast with Rib Meat in Water, 12.5 oz. (Pack of 2)",Chicken Breast,1,fl oz,12.5,oz,5.00,Uncategorized,Perishable
"Fresh Cherubs Grape Tomatoes, 10 oz Package",Tomatoes,1,each,10,oz,5.00,Produce,Perishable
"Great Value Diced Tomatoes in Tomato Juice, 14.5 oz Can",Tomatoes,1,each,14.5,oz,5.00,Produce,Perishable
"Great Value Original Diced Tomatoes with Green Chilies, 10 oz",Tomatoes,1,each,10,oz,5.00,Produce,Perishable
Applegate Natural Uncured Genoa Salami - 4oz,Lunch Meat,1,each,4,oz,4.00,Produce,Perishable
"Fresh Cosmic Crisp Apples, 3 lb Bag",Apples,1,each,3,lb,4.00,Produce,Perishable
"GoGo squeeZ Active Energy No Sugar Added Strawberry Guava Fruit Blend Pouches, 3.9 oz (4 Pack)",Applesauce,4,each,3.9,oz,4.00,Uncategorized,Non-perishable
"Colgate Extra Clean Full Head Adult Manual Toothbrush, Soft, 4 Pack",Toothbrushes,4,each,,,4.00,Uncategorized,Non-perishable
"Dial Antibacterial Defense Fresh Lavender Scent Foaming Hand Soap, 7.5 fl oz",Hand Soap,1,each,7.5,fl oz,4.00,Uncategorized,Non-perishable
"EZ Foil Disposable Casserole Pans, 11.75 x 9.25 in., 2 Count",Ez Foil Disposable Casserole,2,each,,,4.00,Uncategorized,Non-perishable
Frozen Sunbutter No Crust Sandwich Strawberry - 4ct - Good & Gather™,Frozen Sunbutter No Crust,4,each,,,4.00,Uncategorized,Non-perishable
Hass Avocados - 4ct - Good & Gather™,Avocados,4,each,,,4.00,Uncategorized,Non-perishable
"Oikos Protein Shake, Shelf Stable, Chocolate, 30g Protein, 12 fl oz, 4 Count​ Bottles",Protein Milk,4,each,12,fl oz,4.00,Uncategorized,Non-perishable
"Oikos Triple Zero 15g Protein, 0g Added Sugar, Fat Free Vanilla Greek Yogurt Cups, 5.3 oz, 4 Count",Oikos Triple Zero G,4,each,5.3,oz,4.00,Dairy,Perishable
"Ophanie 22.5 inch 2 Pack Wood Floating Shelves, Hanging Float Shelf for Wall Mounted Decorative Shelves, 6.7 x 23 Inch, Set of 2, Rustic Brown-",Ophanie Inch Wood Floating,2,each,,,4.00,Uncategorized,Non-perishable
Plum Organics® Jammy Sammy® Snack Size Sandwich Bar Blueberry + Oatmeal 5-Count Box/1.02oz Bars,Plum Organics Jammy Sammy,1,each,1.02,oz,4.00,Uncategorized,Non-perishable
Chobani 20G Protein Low-Fat Greek Yogurt Drink Mixed Berry Vanilla 10 fl oz Bottle,Protein Drinks,1,each,10,fl oz,4.00,Dairy,Perishable
Chobani 20g Protein Greek Yogurt Drink Strawberry Cream - 40 fl oz/4ct Bottles,Protein Drinks,4,each,40,fl oz,4.00,Dairy,Perishable
"Queso-Melt Original Restaurant Style Melting Cheese, 10 oz, 1 Count",Queso Melt Restaurant Style,1,oz,10,oz,4.00,Dairy,Perishable
"Smucker’s Uncrustables Peanut Butter & Raspberry Spread Sandwiches, 4 Count, 2 oz Each, Frozen",Smucker S Uncrustables Peanut,4,each,2,oz,4.00,Uncategorized,Non-perishable
"(2 pack) Sterilite Small Storage Bin, 28 Quart Clear Plastic Storage Container with Snap-On Lid, White",Sterilite Small Storage Bin,2,each,,,4.00,Uncategorized,Non-perishable
"(2 pack) Classico Tomato & Basil Spaghetti Pasta Sauce, 24 oz. Jar",Pasta Sauce,2,each,24,oz,4.00,Produce,Perishable
"Great Value Tomato Paste, 6 oz",Tomatoes,1,each,6,oz,4.00,Produce,Perishable
"Tropicana Pure Premium 100% Orange Juice Original, No Pulp, No Sugar Added, 46 fl oz",Juice,1,each,46,fl oz,4.00,Uncategorized,Non-perishable
Applegate Natural Uncured Peppered Genoa Salami - 4oz,Lunch Meat,1,each,4,oz,3.00,Produce,Perishable
"Freshness Guaranteed Sliced Sourdough Bread Loaf, 24 oz",Bread,1,oz,24,oz,3.00,Bakery,Non-perishable
"Pepperidge Farm Farmhouse Sourdough Bread, 24 oz Loaf",Bread,1,oz,24,oz,3.00,Bakery,Non-perishable
"Crunchmaster Multi-Seed Original Gluten-Free crackers, Party Pack, 7 oz. Bag in Box",Crackers,1,each,7,oz,3.00,Uncategorized,Non-perishable
"(3 pack) Deer Park Spring Water, 2.5 gal, Single Plastic Jug",Bottled Water,3,fl oz,,,3.00,Uncategorized,Non-perishable
Entertainment Collection Crackers Variety Pack - 13.1oz - Good & Gather™,Crackers,1,each,13.1,oz,3.00,Uncategorized,Non-perishable
Fever-Tree Ginger Beer 150ml Cans; 8-pack,Fever Tree Ginger Beer,1,each,150,ml,3.00,Uncategorized,Non-perishable
"Honey Stinger Organic Gluten-Free Energy Gel, Fruit Smoothie, 1.1 oz, 1 Count",Honey Stinger Energy Gel,1,each,1.1,oz,3.00,Uncategorized,Non-perishable
"Kodiak Protein-Packed Honey Oat Protein Granola Bag, Ready to Eat, 11 oz",Kodiak Protein Packed Honey,1,each,11,oz,3.00,Uncategorized,Non-perishable
"Great Value Mild Cheddar Deli Style Sliced Cheese, 8 oz Package, 12 Slices",Sliced Cheese,1,oz,8,oz,3.00,Dairy,Perishable
"Nature Valley Protein Oats and Honey Granola, Family Size Pouch, 17 oz",Nature Valley Protein Oats,1,each,17,oz,3.00,Uncategorized,Non-perishable
"Parent's Choice 3 Compartment Section Plate, Toddlers Aged 12 Months and up, 3 Count, Gender Neutral",Parent S Choice Compartment,3,each,,,3.00,Uncategorized,Non-perishable
"(3 pack) Plum Organics Jammy Sammy Snack Bars, Blueberry and Oatmeal, 1.02 oz Bars, 5 Count",Plum Organics Jammy Sammy,3,each,1.02,oz,3.00,Uncategorized,Non-perishable
"(3 pack) Sterilite, 15 Quart Clear Storage Bin, Latch Box Storage Container, with Clear Lid, Blue",Sterilite Quart Clear Storage,3,each,,,3.00,Uncategorized,Non-perishable
Tazo Classic Chai Latte Black Tea Concentrate - 32 fl oz,Tazo Classic Chai Latte,1,each,32,fl oz,3.00,Uncategorized,Non-perishable
"Classico Tomato & Basil Pasta Sauce, 24 oz Jar",Pasta Sauce,1,each,24,oz,3.00,Produce,Perishable
"Vicks Vapo Shower Tablets, Menthol Scent Soothing Non-Medicated Shower Steamers, 3 Count",Vicks Vapo Shower Tablets,3,each,,,3.00,Uncategorized,Non-perishable
"Fresh Organic Honeycrisp Apples, 2 lb Pouch",Apples,1,each,2,lb,2.00,Produce,Perishable
"BelGioioso Fresh Mozzarella Log, Pre-Sliced Specialty Cheese, 16 oz Refrigerated Plastic Packet",Belgioioso Mozzarella Log Pre,1,oz,16,oz,2.00,Dairy,Perishable
"Thomas' Cinnamon Raisin Swirl Bread, 16 oz, Cinnamon Bread, Bag",Bread,1,oz,16,oz,2.00,Bakery,Non-perishable
"Great Value Canned Pineapple Tidbits, 20 oz",Canned Pineapple,1,each,20,oz,2.00,Produce,Perishable
(2 pack) Cantu Shea Butter for Natural Hair Complete Conditioning Co-Wash 10 oz,Cantu Shea Butter For,2,each,10,oz,2.00,Uncategorized,Non-perishable
"(2 pack) Capri Sun Fruit Punch Juice Box Pouches, 10 ct Box, 6 fl oz Pouches",Juice,2,each,6,fl oz,2.00,Uncategorized,Non-perishable
"Crest Pro‑Health Advanced Fluoride Mouthwash, Alcohol‑Free Mouth Rinse for Whitening, Energizing Mint, 32 fl oz",Crest Pro Health Advanced,1,each,32,fl oz,2.00,Uncategorized,Non-perishable
"(2 pack) Dr Teal's Epsom Salt Magnesium Soak, Relax & Relief with Eucalyptus & Spearmint, 3 lbs",Dr Teal S Epsom,2,each,3,lbs,2.00,Uncategorized,Non-perishable
"Great Value Organic Extra Virgin Olive Oil, 17 fl oz",Olive Oil,1,each,17,fl oz,2.00,Uncategorized,Non-perishable
"Frank's RedHot Kosher Original Cayenne Pepper Hot Sauce, 23.0 fl oz Bottle",Frank S Redhot Cayenne,1,each,23.0,fl oz,2.00,Uncategorized,Non-perishable
"Hidden Valley Original Ranch Dipping Sauce Salad Dressing and Topping, 20 fl oz Easy Squeeze Bottle",Ranch,1,each,20,fl oz,2.00,Uncategorized,Non-perishable
"Hillshire Snacking Protein Genoa Salami, White Cheddar Cheese, Toasted Rounds Meat Snack Kit, 2.76 oz (Refrigerated)",Lunch Meat,1,oz,2.76,oz,2.00,Dairy,Perishable
"Honest Kids Organic Super Fruit Punch Juice, 6.75 fl oz, 8 Pouches",Juice,1,each,6.75,fl oz,2.00,Uncategorized,Non-perishable
"Ken's Steak House® Creamy Caesar Salad Dressing, Topping & Spread 24 fl oz",Ken S Steak House,1,each,24,fl oz,2.00,Uncategorized,Non-perishable
"Lipton Recipe Secrets Onion Dry Recipe Soup and Dip Mix, 2 Oz, 2 Pack",Lipton Recipe Secrets Onion,2,each,2,oz,2.00,Uncategorized,Non-perishable
"McCormick Pure Vanilla Extract, 2.0 fl oz Box",Mccormick Pure Vanilla Extract,1,each,2.0,fl oz,2.00,Uncategorized,Non-perishable
"Method All-Purpose Cleaner, French Lavender, 28  fl oz",Method All Purpose Cleaner,1,each,28,fl oz,2.00,Uncategorized,Non-perishable
"Great Value Coconut Milk, 13.5 fl oz, Can",Milk,1,each,13.5,fl oz,2.00,Dairy,Perishable
"Nature's Bakery Blueberry Fig Bars, 10 Twin packs, 2 oz Each",Nature S Bakery Blueberry,1,each,2,oz,2.00,Uncategorized,Non-perishable
"Pillsbury Cinnamon Rolls with Original Icing, Canned Pastry Dough, Value 2-Pack, 16 Rolls",Pillsbury Cinnamon Rolls With,1,each,,,2.00,Uncategorized,Non-perishable
Chobani 30G Protein Low-Fat Greek Yogurt Drink Strawberries & Cream 14 fl oz Bottle,Protein Drinks,1,each,14,fl oz,2.00,Dairy,Perishable
"Great Value Reduced Calorie Sugar Free Syrup, 24 fl oz",Syrup,1,each,24,fl oz,2.00,Uncategorized,Non-perishable
"Russell Athletic Boy's Performance Mesh Shorts, 4-Pack, Sizes 4-18 & Husky",Russell Athletic Boy S,1,each,,,2.00,Uncategorized,Non-perishable
"Safety 1st Custom Fit All Purpose Strap (2pk), Decor, Charcoal, Toddler",Safety St Custom Fit,2,each,,,2.00,Uncategorized,Non-perishable
Pacific Foods Organic Gluten Free Creamy Tomato Soup - 32oz,Tomatoes,1,each,32,oz,2.00,Produce,Perishable
"Pacific Foods Organic Roasted Red Pepper and Tomato Soup, 32 oz Carton",Tomatoes,1,each,32,oz,2.00,Produce,Perishable
"Velveeta Original Pasteurized Recipe Cheese Product, 16 oz Block",Velveeta Pasteurized Recipe Cheese,1,oz,16,oz,2.00,Dairy,Perishable
"Venus Extra Smooth Sensitive Women's 5 Blade Disposable Razor, 2 count, Blue",Venus Extra Smooth Sensitive,2,each,,,2.00,Uncategorized,Non-perishable
"Vita Coco The Original Coconut Water, Nutrients & Electrolytes Rich, Pure, 16.9 fl oz Tetra",Vita Coco The Coconut,1,fl oz,16.9,fl oz,2.00,Uncategorized,Non-perishable
"(2 pack) Welch's Non-Alcoholic Sparkling Rosé Grape Juice Cocktail, 25.4 fl oz Bottle",Welch S Non Alcoholic,2,each,25.4,fl oz,2.00,Uncategorized,Non-perishable
Applegate Natural Prosciutto - 3oz,Lunch Meat,1,each,3,oz,1.00,Produce,Perishable
"Fresh Granny Smith Apples, 3 lb Bag",Apples,1,each,3,lb,1.00,Produce,Perishable
Fresh Honeycrisp Apples - 3lb Bag - Good & Gather™,Apples,1,each,3,lb,1.00,Produce,Perishable
Fresh Organic Honeycrisp Apples - 2lbs Bag - Good & Gather™,Apples,1,each,2,lbs,1.00,Produce,Perishable
"Great Value 100% Apple Juice, 96 fl oz",Juice,1,each,96,fl oz,1.00,Produce,Perishable
"Stacy’s No Artificial Colors or Flavors Sea Salt Bagel Chips Bag, 7 oz​",Crackers,1,each,7,oz,1.00,Bakery,Non-perishable
"Blue Bunny Soft Cookies and Cream Premium Frozen Dessert, 46 fl oz",Blue Bunny Soft Cookies,1,each,46,fl oz,1.00,Uncategorized,Non-perishable
"Arnold Country Style Sourdough Bread, 24 oz, Sourdough Bread, Bag",Bread,1,oz,24,oz,1.00,Bakery,Non-perishable
"Dave's Killer Bread Raisin' The Roof! Organic Breakfast Bread, Cinnamon Raisin Loaf, 18 Oz",Bread,1,oz,18,oz,1.00,Bakery,Non-perishable
"Dave's Killer Bread Thin-Sliced Good Seed Organic Bread 20.5 oz, Shelf-Stable",Bread,1,oz,20.5,oz,1.00,Bakery,Non-perishable
Dave's Killer Bread® Thin Sliced 21 Whole Grains and Seeds Organic Bread 20.5 oz. Loaf,Bread,1,oz,20.5,oz,1.00,Bakery,Non-perishable
Fleischmann's Classic Bread Machine Instant Yeast 4 oz Jar.,Bread,1,oz,4,oz,1.00,Bakery,Non-perishable
"Great Value Garlic Bread Sticks, 10.5 oz (Frozen)",Bread,1,oz,10.5,oz,1.00,Bakery,Non-perishable
"Great Value Pre-Sliced Cinnamon Raisin Bread, 16 oz",Cinnamon Raisin Bread,1,oz,16,oz,1.00,Bakery,Non-perishable
"Pepperidge Farm Farmhouse Brioche Bread, 22 oz Loaf",Bread,1,oz,22,oz,1.00,Bakery,Non-perishable
Sliced Sourdough Bread - 17oz - Favorite Day™,Bread,1,oz,17,oz,1.00,Bakery,Non-perishable
Cabot Creamery Lowfat Plain Greek Yogurt 2 lb (Refrigerated Tub),Cabot Creamery Lowfat Greek,1,each,2,lb,1.00,Dairy,Perishable
"Dole Pineapple Tidbits in 100% Fruit Juice, 20 oz Can",Canned Pineapple,1,each,20,oz,1.00,Produce,Perishable
"Great Value Canned Crushed Pineapple, 20 oz",Canned Pineapple,1,each,20,oz,1.00,Produce,Perishable
"Cantu Care for Kids Paraben & Sulfate-Free Conditioning Detangling Spray, 6 fl oz",Cantu Care For Kids,1,each,6,fl oz,1.00,Uncategorized,Non-perishable
"Cantu Sulfate-Free Hydrating Cream Conditioner, 25 fl oz",Conditioner,1,each,25,fl oz,1.00,Uncategorized,Non-perishable
"Cascade Complete Dishwasher Detergent Liquid Gel, Dish Detergent, Dish Soap, Fresh, 120 fl oz",Dishwasher Detergent,1,each,120,fl oz,1.00,Uncategorized,Non-perishable
Cascade Complete Dishwashing Liquid Gel Fresh Detergent - 120 fl oz,Cascade Complete Dishwashing Liquid,1,each,120,fl oz,1.00,Uncategorized,Non-perishable
"Character Toddler Boy Briefs, 6- Pack, Sizes 2T-4T",Character Toddler Boy Briefs,1,each,,,1.00,Uncategorized,Non-perishable
"Great Value Chocolate Chip Cookie Dough Ice Cream, 48 fl oz",Ice Cream,1,each,48,fl oz,1.00,Uncategorized,Non-perishable
"COLUMBUS, Peppered Salami, Sliced Charcuterie Meat, 10oz Pack",Columbus Peppered Salami Sliced,1,each,10,oz,1.00,Uncategorized,Perishable
"Great Value Cookies & Cream Ice Cream, 48 fl oz",Ice Cream,1,each,48,fl oz,1.00,Uncategorized,Non-perishable
Core Power Elite Vanilla 42G Protein Shake - 14 fl oz Bottle,Protein Milk,1,each,14,fl oz,1.00,Uncategorized,Non-perishable
"Dawn Powerwash Spray, Dish Soap, Dishwashing Liquid, Fresh, 1 Starter Kit, 16 Fl Oz",Dish Soap,1,each,16,fl oz,1.00,Uncategorized,Non-perishable
"Del Monte Fresh Cut Green Beans, Canned Vegetables, 14.5 oz Can (Pack of 4)",Del Monte Cut Green,1,each,14.5,oz,1.00,Pantry,Non-perishable
"Dr Teal's Kids 3-in-1 Bubble Bath, Body Wash & Shampoo with Melatonin & Essential Oil, 20 fl oz",Body Soap,1,each,20,fl oz,1.00,Uncategorized,Non-perishable
"Equate 70% Isopropyl Alcohol Antiseptic, 32 fl oz",Equate Isopropyl Alcohol Antiseptic,1,each,32,fl oz,1.00,Uncategorized,Non-perishable
"Finish Jet-Dry Rinse Aid, Dishwasher Rinse & Drying Agent - 8.45 fl oz: Plastic Bottle,",Dishwasher Detergent,1,each,8.45,fl oz,1.00,Uncategorized,Non-perishable
"FRAM Extra Guard Oil Filter, CH9713, 10K mile Filter for Dodge, Fiat and Jeep Vehicles Fits select: 2012-2019 FIAT 500, 2013-2016 DODGE DART",Fram Extra Guard Oil,1,each,,,1.00,Uncategorized,Non-perishable
"FRAM Extra Guard Oil Filter, PH4967, 10K Miles, Replacement Oil Filter Fits Select Vehicles",Fram Extra Guard Oil,1,each,,,1.00,Uncategorized,Non-perishable
"FRAM Ultra Synthetic Oil Filter, XG4967, 20K mile Replacement Filter for Select Toyota Vehicles",Fram Ultra Synthetic Oil,1,each,,,1.00,Uncategorized,Non-perishable
"Gillette Satin Care Ultra Sensitive Women's Shaving Gel Twin Pack, Fragrance-Free, 14 oz",Gillette Satin Care Ultra,1,each,14,oz,1.00,Uncategorized,Non-perishable
"Honest Kids Organic Appley Ever After Fruit Juice, 6 fl oz, 8 Juice Boxes",Juice,1,each,6,fl oz,1.00,Produce,Perishable
"Horizon Organic Half and Half Carton, 32 fl oz​",Horizon Half And Half,1,each,32,fl oz,1.00,Uncategorized,Non-perishable
"Horizon Organic Real Dairy Homestyle Vanilla Coffee Creamer Carton, 24 fl oz",Coffee Creamer,1,each,24,fl oz,1.00,Uncategorized,Non-perishable
"Pepperidge Farm Butter Hot Dog Buns, Top Sliced, 8-Pack Bag",Hot Dog Buns,1,each,,,1.00,Bakery,Non-perishable
"Great Value Individually Plastic Wrapped Singles American Cheese Product, 16 oz, 24 Slices",Sliced Cheese,1,each,16,oz,1.00,Dairy,Perishable
902 Ink Cartridges Compatible for HP 902XL Ink Cartridges (4-Pack),Ink Cartridges Compatible For,1,each,,,1.00,Uncategorized,Non-perishable
Just Bare Lightly Breaded Chicken Breast Strips - Frozen - 24oz,Just Bare Lightly Breaded,1,oz,24,oz,1.00,Bakery,Perishable
"King Arthur Baking Company Non-GMO Project Verified, Certified Kosher Unbleached All Purpose Flour, 10 lb Bag",Flour,1,each,10,lb,1.00,Uncategorized,Non-perishable
"King Arthur Baking Company Non-GMO Project Verified, Certified Kosher Unbleached All Purpose Flour, 5 lb Bag",Flour,1,each,5,lb,1.00,Uncategorized,Non-perishable
"Land O Lakes Unsalted Butter, 4 Sticks, 1 lb Pack",Butter,1,each,1,lb,1.00,Uncategorized,Non-perishable
Little Debbie Big Pack Christmas Tree Cakes,Little Debbie Big Pack,1,each,,,1.00,Uncategorized,Non-perishable
"Lunchables Turkey & Cheddar Value Pack, 1.9 oz Pack",Lunchables Turkey Cheddar Value,1,each,1.9,oz,1.00,Meat,Non-perishable
"Maple Grove Farms Pure Maple Syrup, Kosher, 12.5 fl oz",Syrup,1,each,12.5,fl oz,1.00,Uncategorized,Non-perishable
"Method Moisturizing Conditioner, Simply Nourish, Sulfate Free, and Cruelty Free, 13.5 fl oz",Conditioner,1,each,13.5,fl oz,1.00,Uncategorized,Non-perishable
"Method Repairing Shampoo, Island Mist, 14 fl oz",Shampoo,1,each,14,fl oz,1.00,Uncategorized,Non-perishable
"Great Value Evaporated Milk, 12 fl oz",Evaporated Milk,1,fl oz,12,fl oz,1.00,Dairy,Perishable
"Horizon Organic High Vitamin D Whole Milk, High Vitamin D Whole, 64 fl oz Carton",Milk,1,fl oz,64,fl oz,1.00,Dairy,Perishable
"Oatly Original Oatmilk, Dairy-Free Milk, 64 fl oz Refrigerated Carton",Oat Milk,1,fl oz,64,fl oz,1.00,Dairy,Perishable
"Mucinex,Children's Night Time, Multi-Symptom Cold Relief, Mixed Berry Flavor, 4fl oz, Plastic Bottle",Mucinex Children S Night,1,each,4,fl oz,1.00,Uncategorized,Non-perishable
"Mucinex Children's Stuffy Nose & Chest Congestion Relief, Kids Medicine, Very Berry Flavor, 4 fl oz",Mucinex Children S Stuffy,1,each,4,fl oz,1.00,Uncategorized,Non-perishable
"Mucinex Fast-Max Cold, Flu, & Sore Throat Relief Medicine, OTC Cough Suppressant, Expectorant, 6 fl oz",Mucinex Fast Max Cold,1,each,6,fl oz,1.00,Uncategorized,Non-perishable
"Mucinex Fast-Max Kickstart Severe Cold and Flu Medicine, OTC Cough Relief, Menthol Flavor, 6 fl oz",Mucinex Fast Max Kickstart,1,each,6,fl oz,1.00,Uncategorized,Non-perishable
"Mucinex Fast-Max Severe Congestion & Cough Medicine, OTC Sinus/Nasal Decongestant, Expectorant, 6 fl oz",Mucinex Fast Max Severe,1,each,6,fl oz,1.00,Uncategorized,Non-perishable
"Mucinex Nightshift Sinus Medicine, OTC Fever Reducer, Cough Suppressant, Nasal Decongestant, 6 fl oz",Mucinex Nightshift Sinus Medicine,1,each,6,fl oz,1.00,Uncategorized,Non-perishable
"Native Coconut & Vanilla Body Wash, 18 fl oz",Body Soap,1,each,18,fl oz,1.00,Uncategorized,Non-perishable
Native Limited Edition Vanilla Cream & Pumpkin Body Wash 18 FL OZ,Body Soap,1,each,18,fl oz,1.00,Uncategorized,Non-perishable
Native Moisturizing Conditioner Coconut and Vanilla 16.5 fl oz,Conditioner,1,each,16.5,fl oz,1.00,Uncategorized,Non-perishable
"Ocean Spray® Cranberry Juice Cocktail, 64 fl oz Bottle",Ocean Spray Cranberry Juice,1,each,64,fl oz,1.00,Uncategorized,Non-perishable
"Olay Firming Body Lotion, Hydrating, Collagen, Pump 17 fl oz",Olay Firming Body Lotion,1,each,17,fl oz,1.00,Uncategorized,Non-perishable
"Olay Nourishing Body Wash for women, Hyaluronic Acid, 20 fl oz",Body Soap,1,each,20,fl oz,1.00,Uncategorized,Non-perishable
"Oregon Chai Original Chai Concentrate, 32 Fluid Ounces (Pack of 1), Organic & Non-GM)",Oregon Chai Chai Concentrate,1,each,,,1.00,Uncategorized,Non-perishable
"Pen + Gear Economy White Poster Board, 22""x28"", 1 Count",Pen Gear Economy White,1,each,,,1.00,Uncategorized,Non-perishable
"Pepperidge Farm Sesame Topped Hamburger Buns, 8-Pack Bag",Hamburger Buns,1,each,,,1.00,Bakery,Non-perishable
"Great Value Organic Pomegranate Juice, 32 fl oz",Juice,1,fl oz,32,fl oz,1.00,Uncategorized,Non-perishable
Pompeian Red Wine Vinegar - 16 fl oz,Pompeian Red Wine Vinegar,1,each,16,fl oz,1.00,Uncategorized,Non-perishable
Chobani 30g Protein Vanilla Ice Cream Greek Yogurt Drink - 30g Protein 14 fl oz,Protein Drinks,1,each,14,fl oz,1.00,Dairy,Perishable
"Purina One True Instinct Dry Dog Food for Adult Dogs, High Protein Real Turkey & Venison, 7.4 lb Bag",Purina One True Instinct,1,each,7.4,lb,1.00,Meat,Non-perishable
"RITZ Peanut Butter Sandwich Crackers, Lunch Snacks, 20 Snack Packs (6 Crackers Per Pack)",Crackers,1,each,,,1.00,Uncategorized,Non-perishable
"Russell Athletic Boys Runner Tech Short Sleeve T-Shirt, 4-Pack, Sizes 4-18 & Husky",Russell Athletic Boys Runner,1,each,,,1.00,Uncategorized,Non-perishable
"Smash Kitchen Organic Classic Extra Virgin Olive Oil, 16.9 fl oz",Olive Oil,1,each,16.9,fl oz,1.00,Uncategorized,Non-perishable
"SoCozy Kid's Swim 3-in-1 Shampoo Conditioner Body Wash for All Hair Types, with Activated Charcoal, 10.5 fl oz",Body Soap,1,each,10.5,fl oz,1.00,Uncategorized,Non-perishable
"Soundcore AeroClip Open-Ear Earbuds, Midnight Black, Retail Packaging",Soundcore Aeroclip Open Ear,1,each,,,1.00,Uncategorized,Non-perishable
BUBLY 24/12,Sparkling Water,1,fl oz,,,1.00,Beverages,Non-perishable
"Great Value Kosher Spears Dill Pickle Fresh Pack, 24 fl oz Jar",Spears Dill Pickle Pack,1,each,24,fl oz,1.00,Uncategorized,Non-perishable
Tazo Chai Pumpkin Spice Latte Tea Concentrate - 32 fl oz,Tazo Chai Pumpkin Spice,1,each,32,fl oz,1.00,Uncategorized,Non-perishable
Tazo Organic Tea Latte Chai Black Tea - 32 fl oz,Tazo Tea Latte Chai,1,each,32,fl oz,1.00,Uncategorized,Non-perishable
"Great Value Crushed Tomatoes with Tomato Puree, 28 oz",Tomatoes,1,each,28,oz,1.00,Produce,Perishable
"Great Value Mild Diced Tomatoes with Green Chilies, 10 oz",Tomatoes,1,each,10,oz,1.00,Produce,Perishable
"Great Value Tomato Sauce, 8 oz Can",Tomatoes,1,each,8,oz,1.00,Produce,Perishable
"TPH BY TARAJI Ride or Die Biotin Leave in Conditioner Spray Detangler for Dry Hair | Strength, Moisturizing & Anti Frizz | Natural + Curly Hair Product | Color Safe, 4 oz.",Conditioner,1,each,4,oz,1.00,Uncategorized,Non-perishable
"Turkey Hill Choco Mint Chip Premium Ice Cream, 46 fl oz",Ice Cream,1,each,46,fl oz,1.00,Meat,Non-perishable
Turkey Hill Chocolate Chip Cookie Dough Ice Cream 46 fl oz Tub,Ice Cream,1,each,46,fl oz,1.00,Meat,Non-perishable
"Great Value Vanilla Bean Flavored Ice Cream, 48 fl oz",Ice Cream,1,each,48,fl oz,1.00,Uncategorized,Non-perishable
"Great Value Vegetable Oil, Heart Healthy and Versatile, 48 fl oz Bottle",Vegetable Oil Heart Healthy,1,each,48,fl oz,1.00,Uncategorized,Non-perishable
Wet Brush Go Green Tea Tree Oil Treatment Comb - Green 1CT,Wet Brush Go Green,1,each,,,1.00,Uncategorized,Non-perishable
