canonical_item,normalized_units_total,raw_item_count,base_unit,category_guess,perishable_guess,size_examples
Large White Eggs,1440.00,2,each,Uncategorized,Non-perishable,
Bagels,833.00,4,each,Bakery,Non-perishable,15 oz; 20 oz; 7 oz
Sparkling Water,785.00,4,each,Beverages,Non-perishable,12 fl oz
King S Hawaiian Hawaiian,648.00,1,each,Uncategorized,Non-perishable,24 oz
Protein Drinks,549.00,11,each,Dairy,Perishable,10 fl oz; 14 fl oz; 3.1 fl oz; 40 fl oz; 7 fl oz
Corn,449.00,12,oz,Pantry,Non-perishable,11 oz; 14.75 oz; 15 oz; 15.5 oz; 7 oz
Hot Dogs,350.00,1,each,Meat,Non-perishable,16 oz
Bananas,347.00,2,each,Produce,Perishable,4 oz
Ziploc Brand Sandwich Bags,300.00,1,each,Uncategorized,Non-perishable,
Apples,296.00,12,each,Produce,Perishable,2 lb; 2 lbs; 3 lb; 3.2 oz; 96 fl oz
English Muffins,252.00,1,each,Bakery,Non-perishable,12 oz
Disposable Paper Plates,250.00,2,each,Uncategorized,Non-perishable,
Goody Ouchless Mini Poly,250.00,1,each,Uncategorized,Non-perishable,
Melitta Cup White Basket,200.00,1,each,Uncategorized,Non-perishable,
Milk,194.00,23,fl oz,Dairy,Perishable,10 oz; 10.05 oz; 11.5 oz; 12 fl oz; 12 oz
Tomatoes,145.00,16,each,Produce,Perishable,10 oz; 14.5 oz; 24 oz; 28 oz; 32 oz
Yogurt Drinks,134.00,3,each,Dairy,Perishable,3.1 fl oz
Bread,110.00,17,oz,Bakery,Non-perishable,10.5 oz; 16 oz; 17 oz; 18 oz; 18.7 oz
Pen Gear No Size,100.00,1,each,Uncategorized,Non-perishable,
Pen Gear Push Pins,100.00,1,each,Uncategorized,Non-perishable,
Seal Double Zipper Sandwich,100.00,1,each,Uncategorized,Non-perishable,
Mission Super Soft Flour,90.00,1,each,Uncategorized,Non-perishable,
Pillsbury Grands Southern Style,80.00,1,each,Uncategorized,Non-perishable,41.6 oz
Oral B Floss Glide,75.00,1,each,Uncategorized,Non-perishable,
Breakfast Sausage,74.00,3,each,Meat,Perishable,12 oz; 9.6 oz
Eggland S Best Large,72.00,1,each,Uncategorized,Non-perishable,
Deer Park Spring Water,67.00,2,each,Uncategorized,Non-perishable,16.9 fl oz
Black Beans,64.00,3,oz,Pantry,Non-perishable,15 oz; 15.5 oz
Turkey Lunchmeat,62.00,4,each,Meat,Perishable,16 oz; 9 oz
Cream Cheese,61.00,7,oz,Dairy,Perishable,12 oz; 16 oz; 8 oz
Swiffer Sweep Mop Heavy,60.00,1,each,Uncategorized,Non-perishable,
Chips,56.00,2,oz,Snacks,Non-perishable,10 oz
Eggland S Best Extra,54.00,1,each,Uncategorized,Non-perishable,
Goat Cheese,52.00,5,oz,Dairy,Perishable,4 oz
Dixie Disposable Paper Plates,50.00,1,each,Uncategorized,Non-perishable,
Dum Dums Valentines Cards,50.00,1,each,Uncategorized,Non-perishable,8.6 oz
Disposable Plastic White Forks,48.00,1,each,Uncategorized,Non-perishable,
Asiago Cheese,45.00,1,oz,Dairy,Perishable,8 oz
Emergen C Immune Gummies,45.00,1,each,Uncategorized,Non-perishable,
Goodnites Boys Disposable Nighttime,44.00,1,each,Uncategorized,Non-perishable,
Lunchables Ham Cheddar Value,40.00,1,each,Uncategorized,Non-perishable,1.9 oz
Pillsbury Grands Southern Homestyle,40.00,2,fl oz,Dairy,Perishable,16.3 oz; 32.6 oz
Little Debbie Vanilla Christmas,40.00,1,each,Uncategorized,Non-perishable,8.52 oz
Pillsbury Orange Rolls With,40.00,1,each,Uncategorized,Non-perishable,13.9 oz
Starry Lemon Lime Soda,40.00,1,each,Uncategorized,Non-perishable,7.5 fl oz
Hot Dog Buns,38.00,2,each,Bakery,Non-perishable,
Mozzarella String Cheese Sticks,36.00,1,oz,Dairy,Perishable,12 oz
Gatorade Sports Drink Fruit,36.00,1,each,Uncategorized,Non-perishable,12 fl oz
Dixie To Go Disposable,36.00,1,each,Uncategorized,Non-perishable,12 oz
Applesauce Pouches,34.00,2,each,Produce,Perishable,3.9 oz
Smucker S Uncrustables Peanut,34.00,3,each,Uncategorized,Non-perishable,2 oz
Ol Mexican Foods Xtreme,32.00,1,each,Uncategorized,Non-perishable,12.7 oz
Superpretzel Bavarian Soft Pretzel,30.00,1,each,Uncategorized,Non-perishable,24 oz
Goody Ouchless Hair Elastics,30.00,1,each,Uncategorized,Non-perishable,
Snyder S Of Hanover,28.00,2,each,Uncategorized,Non-perishable,12 oz; 16 oz
Oikos Triple Zero G,27.00,2,each,Dairy,Perishable,32 oz; 5.3 oz
Tazo Classic Chai Latte,26.00,2,each,Uncategorized,Non-perishable,32 fl oz; 32 oz
Bush S Chili Beans,25.00,2,each,Pantry,Non-perishable,16 oz; 27 oz
Reduced Sodium Chicken Broth,24.00,2,each,Uncategorized,Perishable,32 oz
Martin S Hoagie Rolls,24.00,1,each,Uncategorized,Non-perishable,
Gatorade Thirst Quencher Cool,24.00,1,each,Uncategorized,Non-perishable,12 fl oz
Kind Gluten Free Peanut,24.00,1,each,Uncategorized,Non-perishable,1.4 oz
Sweet Loren S Gluten,24.00,1,each,Uncategorized,Non-perishable,12 oz
Allegra Adult Hour Allergy,24.00,1,each,Uncategorized,Non-perishable,
Midol Complete Menstrual Pain,24.00,1,each,Uncategorized,Non-perishable,
Swiffer Sweep Mop Wet,24.00,1,each,Uncategorized,Non-perishable,
Tylenol Cold Flu Severe,24.00,1,each,Uncategorized,Non-perishable,
Vicks Dayquil Nyquil Severe,24.00,1,each,Uncategorized,Non-perishable,
Jimmy Dean Premium Pork,23.00,1,each,Meat,Perishable,16 oz
Sweet Potatoes Whole Each,23.00,1,each,Uncategorized,Non-perishable,
Sharp Cheddar Finely Shredded,23.00,2,oz,Dairy,Perishable,16 oz; 8 oz
Mccormick Chili Seasoning Mix,22.00,1,each,Uncategorized,Non-perishable,1.25 oz
Muenster Deli Style Sliced,20.00,1,oz,Dairy,Perishable,8 oz
Capri Sun Summer Blast,20.00,1,each,Uncategorized,Non-perishable,6 fl oz
Glad Forceflex Maxstrength Tall,20.00,1,each,Uncategorized,Non-perishable,
Swiffer Heavy Duty Mop,20.00,1,each,Uncategorized,Non-perishable,
Tazo Passion Herbal Tea,20.00,1,each,Uncategorized,Non-perishable,
Tazo Wild Sweet Orange,20.00,1,each,Uncategorized,Non-perishable,
Perdue Harvestland Ground Chicken,19.00,1,each,Uncategorized,Perishable,1 lb
Colby Monterey Jack Cheese,18.00,1,oz,Dairy,Perishable,9 oz
Cut Green Beans Can,18.00,1,each,Pantry,Non-perishable,14.5 oz
Whole Celery Stalk Each,18.00,1,each,Uncategorized,Non-perishable,
Whole Carrots Bag,18.00,3,each,Uncategorized,Non-perishable,1 lb; 2 lb; 5 lb
Old El Paso Mild,18.00,2,each,Uncategorized,Non-perishable,10 oz
Chinet Comfort Cup,18.00,1,each,Uncategorized,Non-perishable,16 oz
Farmhouse Eggs Cage Free,18.00,1,each,Uncategorized,Non-perishable,
Gatorade Sports Drinks Grape,18.00,1,each,Uncategorized,Non-perishable,12 fl oz
Grade A Large Eggs,18.00,1,each,Uncategorized,Non-perishable,
Blue Diamond Almonds Lightly,17.00,2,each,Uncategorized,Non-perishable,14 oz; 25 oz
Honey Nut Cheerios Heart,16.00,2,each,Uncategorized,Non-perishable,18.8 oz; 27.2 oz
Asp Cough St Adult,16.00,1,each,Uncategorized,Non-perishable,
Tazo Green Ginger Tea,16.00,1,each,Uncategorized,Non-perishable,
Traditional Medicinals Turmeric With,16.00,1,each,Uncategorized,Non-perishable,
Yogi Tea Elderberry Lemon,16.00,1,each,Uncategorized,Non-perishable,
Sour Cream Tub,15.00,1,each,Uncategorized,Non-perishable,24 oz
Strawberries,15.00,1,each,Uncategorized,Non-perishable,1 lb
Turkey Pepperoni Slices,15.00,1,each,Meat,Non-perishable,5 oz
Little Debbie Christmas Tree,15.00,1,each,Uncategorized,Non-perishable,8 oz
Low Moisture Part Skim,15.00,2,oz,Dairy,Perishable,12 oz; 32 oz
Tph By Taraji Hustle,14.00,1,each,Uncategorized,Non-perishable,12 oz
Digiorno Classic Crust Cheese,13.00,1,oz,Dairy,Perishable,19.1 oz
Lime Each,13.00,1,each,Uncategorized,Non-perishable,
Whole Brown Mushrooms,13.00,1,each,Uncategorized,Non-perishable,8 oz
Perdue Harvestland Free Range,13.00,2,each,Uncategorized,Perishable,1.7 lb; 1.9 lb
Kerrygold Grass Fed Pure,12.00,1,each,Uncategorized,Non-perishable,8 oz
Smithfield Hickory Smoked Bacon,12.00,1,each,Uncategorized,Non-perishable,16 oz
Tph By Taraji Make,12.00,1,each,Uncategorized,Non-perishable,12 oz
Pace Chunky Medium Salsa,12.00,2,each,Uncategorized,Non-perishable,16 oz; 64 oz
Crest Toothpaste Dwhite Advanced,12.00,1,each,Uncategorized,Non-perishable,3.3 oz
Romaine Lettuce Hearts Each,12.00,1,each,Uncategorized,Non-perishable,
Wholly Guacamole Minis Paste,12.00,1,each,Uncategorized,Non-perishable,12 oz
Cascade Platinum Dishwasher Pods,12.00,1,each,Uncategorized,Non-perishable,
Keebler Waffle Ice Cream,12.00,1,each,Uncategorized,Non-perishable,5 oz
Kraft String Cheese Mozzarella,12.00,1,oz,Dairy,Perishable,
Pen Gear Letter Size,12.00,1,each,Uncategorized,Non-perishable,
Waffles Cones,12.00,1,each,Uncategorized,Non-perishable,7 oz
Gordo S Queso Cheese,11.00,1,oz,Dairy,Perishable,16 oz
Heinz Chili Sauce Bottle,11.00,1,each,Uncategorized,Non-perishable,12 oz
No Stir Creamy Natural,11.00,1,each,Uncategorized,Non-perishable,40 oz
Whole Russet Potatoes Bag,11.00,1,each,Uncategorized,Non-perishable,5 lb
Scott Toilet Paper Rolls,11.00,2,each,Uncategorized,Non-perishable,
Mixed Vegetables Steamable Bag,10.00,1,each,Uncategorized,Non-perishable,12 oz
Snack Factory Pretzel Crisps,10.00,2,each,Uncategorized,Non-perishable,14 oz
Fiesta Blend Finely Shredded,10.00,2,oz,Dairy,Perishable,16 oz; 8 oz
Little Debbie Chocolate Christmas,10.00,1,each,Uncategorized,Non-perishable,8.25 oz
Pillsbury Grands Cinnamon Rolls,10.00,1,each,Uncategorized,Non-perishable,17.5 oz
Old El Paso Stand,10.00,1,each,Uncategorized,Non-perishable,4.7 oz
Swiffer Dusters Multi Surface,10.00,1,each,Uncategorized,Non-perishable,
Green Bell Pepper Each,9.00,1,each,Uncategorized,Non-perishable,
Hass Avocados Each,9.00,1,each,Uncategorized,Non-perishable,
Hellmann S Real Mayonnaise,9.00,1,each,Uncategorized,Non-perishable,20 oz
Red Bell Pepper Each,9.00,1,each,Uncategorized,Non-perishable,
Sunbutter Sunflower Seed Butter,9.00,1,each,Uncategorized,Non-perishable,16 oz
Whole Yellow Onion Each,9.00,1,each,Uncategorized,Non-perishable,
Safety St Parent Grip,9.00,1,each,Uncategorized,Non-perishable,
Jet Puffed Mini Marshmallows,8.00,1,each,Uncategorized,Non-perishable,10 oz
Kraft Mexican Style Cheddar,8.00,1,each,Dairy,Perishable,16 oz
Oreo Cakesters Soft Snack,8.00,1,each,Uncategorized,Non-perishable,2.02 oz
Progresso Rich And Hearty,8.00,1,each,Uncategorized,Perishable,19 oz
Stauffer S Animal Snack,8.00,1,each,Uncategorized,Non-perishable,32 oz
Wide Egg Noodles,8.00,1,each,Uncategorized,Non-perishable,16 oz
Italian Style Finely Shredded,8.00,2,oz,Dairy,Perishable,16 oz; 8 oz
Pillsbury Crescent Rolls Dough,8.00,1,each,Uncategorized,Non-perishable,16 oz
Ivory Bar Soap Scent,8.00,1,each,Uncategorized,Non-perishable,
Magic Spoon S Mores,8.00,1,each,Uncategorized,Non-perishable,5.6 oz
Ball Park White Burger,8.00,1,each,Bakery,Non-perishable,15 oz
Combat Max Large Roach,8.00,1,each,Uncategorized,Non-perishable,
Dr Scholl S Blister,8.00,1,each,Uncategorized,Non-perishable,
Drumstick Crushed It Cookies,8.00,1,each,Uncategorized,Non-perishable,
Goody Sport Active Elastic,8.00,1,each,Uncategorized,Non-perishable,
All Natural Ground Chicken,7.00,1,each,Uncategorized,Perishable,1 lb
Cholula Green Pepper Hot,7.00,1,each,Uncategorized,Non-perishable,5.0 fl oz
Concord Grape Jelly,7.00,1,each,Uncategorized,Non-perishable,30 oz
Crunchmaster Multi Grain Sea,7.00,1,each,Uncategorized,Non-perishable,4 oz
Crunchmaster Multi Seed Crisps,7.00,1,each,Uncategorized,Non-perishable,4.5 oz
Digiorno Stuffed Crust Cheese,7.00,1,oz,Dairy,Perishable,26.4 oz
Frozen Broccoli Florets Steamable,7.00,1,each,Uncategorized,Non-perishable,12 oz
Mccormick Less Sodium Taco,7.00,1,each,Uncategorized,Non-perishable,1.0 oz
Mild Cheddar Finely Shredded,7.00,1,oz,Dairy,Perishable,8 oz
Scott Paper Towels Choose,7.00,1,each,Uncategorized,Non-perishable,
Wholly Guacamole Classic Bowl,7.00,1,each,Uncategorized,Non-perishable,15 oz
Heinz Homestyle Beef Gravy,7.00,2,each,Uncategorized,Perishable,12 oz; 18 oz
Swanson White Premium Chunk,7.00,2,fl oz,Uncategorized,Perishable,12.5 oz
Plum Organics Jammy Sammy,7.00,2,each,Uncategorized,Non-perishable,1.02 oz
Mr Clean Magic Eraser,7.00,1,each,Uncategorized,Non-perishable,
Beef Broth Carton,6.00,1,each,Uncategorized,Perishable,32 oz
Campbell S Condensed Cream,6.00,1,each,Uncategorized,Non-perishable,10.5 oz
Fully Cooked Turkey Meatballs,6.00,1,each,Meat,Perishable,32 oz
Jasmine Rice,6.00,1,each,Uncategorized,Non-perishable,2 lb
Planters Deluxe Honey Roasted,6.00,1,each,Uncategorized,Non-perishable,8.25 oz
Plum Organics Teensy Snacks,6.00,1,each,Uncategorized,Non-perishable,35 oz
Premium Saltine Crackers Lunch,6.00,1,each,Uncategorized,Non-perishable,16 oz
Red Seedless Grapes Bag,6.00,1,each,Uncategorized,Non-perishable,2.25 lbs
Sabra Classic Hummus Dip,6.00,1,each,Uncategorized,Non-perishable,10 oz
Siete Mild Taco Seasoning,6.00,2,each,Uncategorized,Non-perishable,1.31 oz
Kraft Mexican Style Four,6.00,2,each,Dairy,Perishable,16 oz; 8 oz
Mainstays X Picture Frame,6.00,3,each,Uncategorized,Non-perishable,
Ore Ida Extra Crispy,6.00,2,each,Uncategorized,Non-perishable,26 oz; 4 lb
Dr Teal S Epsom,6.00,4,each,Uncategorized,Non-perishable,3 lbs
Hard Boiled Eggs,6.00,1,each,Uncategorized,Non-perishable,9.31 oz
Ophanie Adhesive Shower Caddy,6.00,1,each,Uncategorized,Non-perishable,
Small Hass Avocados Bag,6.00,1,each,Uncategorized,Non-perishable,
Starbucks Peppermint Hot Cocoa,6.00,1,each,Uncategorized,Non-perishable,6 oz
Bowties,5.00,1,each,Uncategorized,Non-perishable,12 oz
Crystal Geyser Alpine Spring,5.00,1,fl oz,Uncategorized,Non-perishable,
Jumbo Shell,5.00,1,each,Uncategorized,Non-perishable,12 oz
Kodiak Protein Packed Power,5.00,1,fl oz,Dairy,Perishable,20 oz
Popcorners White Cheddar Sharing,5.00,1,oz,Pantry,Non-perishable,7 oz
Smucker S Concord Grape,5.00,1,each,Uncategorized,Non-perishable,18 oz
So Good So You,5.00,1,each,Uncategorized,Non-perishable,1.7 fl oz
Soup Oyster Crackers,5.00,1,each,Uncategorized,Non-perishable,9 oz
Cantu Shea Butter For,5.00,2,each,Uncategorized,Non-perishable,10 oz
Colgate Whole Mouth Clean,5.00,1,each,Uncategorized,Non-perishable,
Lunchables Ham And Cheddar,5.00,1,each,Uncategorized,Non-perishable,1.9 oz
Alexia Sweet Potato Fries,4.00,1,each,Uncategorized,Non-perishable,20 oz
Applegate Natural Uncured Genoa,4.00,1,each,Produce,Perishable,4 oz
Belgioioso Freshly Shredded Parmesan,4.00,1,oz,Dairy,Perishable,5 oz
Classic Alfredo Pasta Sauce,4.00,1,each,Uncategorized,Non-perishable,22 oz
Classico Four Cheese Alfredo,4.00,1,oz,Dairy,Perishable,15 oz
Classico Signature Recipes Traditional,4.00,1,each,Uncategorized,Non-perishable,14 oz
Crispy And Salty Pretzel,4.00,1,each,Uncategorized,Non-perishable,16 oz
Dial Antibacterial Defense Lavender,4.00,1,each,Uncategorized,Non-perishable,7.5 fl oz
General Mills Cheerios Honey,4.00,1,each,Uncategorized,Non-perishable,27.2 oz
Manwich Sloppy Joe Sauce,4.00,1,each,Uncategorized,Non-perishable,15 oz
Nestle Toll House Semi,4.00,1,oz,Snacks,Non-perishable,12 oz
Old El Paso Hot,4.00,1,each,Uncategorized,Non-perishable,10 oz
Queso Melt Restaurant Style,4.00,1,oz,Dairy,Perishable,10 oz
Sargento Sliced Muenster Natural,4.00,1,oz,Dairy,Perishable,
Sterilite File Crate Versatile,4.00,1,each,Uncategorized,Non-perishable,
Tropicana Pure Premium Orange,4.00,1,each,Uncategorized,Non-perishable,46 fl oz
Wonder Nation Boys Short,4.00,1,each,Uncategorized,Non-perishable,
Digiorno Frozen Pizza Rising,4.00,2,oz,Dairy,Perishable,24.6 oz; 24.7 oz
Nutella Hazelnut Spread With,4.00,2,each,Uncategorized,Non-perishable,13 oz; 33.5 oz
Oreo Double Stuf Chocolate,4.00,2,each,Uncategorized,Non-perishable,18.71 oz; 24.95 oz
Canned Pineapple,4.00,3,each,Produce,Perishable,20 oz
Ez Foil Disposable Casserole,4.00,1,each,Uncategorized,Non-perishable,
Heinz Sweet Relish Bottle,4.00,2,each,Uncategorized,Non-perishable,12.7 oz; 26 oz
Ophanie Inch Wood Floating,4.00,1,each,Uncategorized,Non-perishable,
Sterilite Small Storage Bin,4.00,1,each,Uncategorized,Non-perishable,
Colgate Extra Clean Full,4.00,1,each,Uncategorized,Non-perishable,
Frozen Sunbutter No Crust,4.00,1,each,Uncategorized,Non-perishable,
Hass Avocados Good Gather,4.00,1,each,Uncategorized,Non-perishable,
Oikos Protein Shake Shelf,4.00,1,each,Uncategorized,Non-perishable,12 fl oz
Applegate Natural Uncured Peppered,3.00,1,each,Produce,Perishable,4 oz
Baby Arugula Salad Clam,3.00,1,each,Uncategorized,Non-perishable,5 oz
Barilla Classic Whole Grain,3.00,1,each,Uncategorized,Non-perishable,16 oz
Bella Rosa Shredded Parmesan,3.00,1,oz,Dairy,Perishable,5 oz
Betty Crocker Bisquick Pancake,3.00,1,each,Uncategorized,Non-perishable,20 oz
Celery Hearts Each,3.00,1,each,Uncategorized,Non-perishable,
Classico Extra Creamy Alfredo,3.00,1,each,Uncategorized,Non-perishable,15 oz
Crunchmaster Multi Seed Crackers,3.00,1,each,Uncategorized,Non-perishable,7 oz
Dawn Powerwash Spray Refill,3.00,1,each,Uncategorized,Non-perishable,
Elbows,3.00,1,each,Uncategorized,Non-perishable,16 oz
Entertainment Collection Crackers Variety,3.00,1,each,Uncategorized,Non-perishable,13.1 oz
Fever Tree Ginger Beer,3.00,1,each,Uncategorized,Non-perishable,150 ml
Fiesta Cheese Finely Shredded,3.00,1,oz,Dairy,Perishable,32 oz
Flonase Allergy Relief Fluticasone,3.00,1,each,Uncategorized,Non-perishable,
Gatorade Cool Blue Flavor,3.00,1,each,Uncategorized,Non-perishable,
Holiday Vanilla Flavored Stars,3.00,1,each,Uncategorized,Non-perishable,8 oz
Honey Stinger Energy Gel,3.00,1,each,Uncategorized,Non-perishable,1.1 oz
Kodiak Protein Packed Honey,3.00,1,each,Uncategorized,Non-perishable,11 oz
Lacroix Vty,3.00,1,each,Uncategorized,Non-perishable,
Mild Cheddar Deli Style,3.00,1,oz,Dairy,Perishable,8 oz
Nature Valley Protein Oats,3.00,1,each,Uncategorized,Non-perishable,17 oz
Navel Orange Each,3.00,1,each,Uncategorized,Non-perishable,
Oats Honey Granola,3.00,1,each,Uncategorized,Non-perishable,11 oz
Sargento Balanced Breaks Monterey,3.00,1,oz,Dairy,Perishable,
Seasoned Croutons Baked And,3.00,1,each,Uncategorized,Non-perishable,5 oz
Skinnypop Gluten Free Popcorn,3.00,1,oz,Pantry,Non-perishable,8.0 oz
Small Shells,3.00,1,each,Uncategorized,Non-perishable,16 oz
Torre Oria,3.00,1,each,Uncategorized,Non-perishable,
Utz Honey Barbeque Potato,3.00,1,oz,Snacks,Non-perishable,7.75 oz
Utz Ripples Sour Cream,3.00,1,oz,Snacks,Non-perishable,7.75 oz
Whole Brussels Sprouts Bag,3.00,1,each,Uncategorized,Non-perishable,1 lb
Wonderful Pistachios No Shells,3.00,1,each,Uncategorized,Non-perishable,
Reddi Wip Whipped Topping,3.00,2,each,Uncategorized,Non-perishable,13 oz; 6.5 oz
Wonder Nation Toddler Cotton,3.00,2,each,Uncategorized,Non-perishable,
Parent S Choice Compartment,3.00,1,each,Uncategorized,Non-perishable,
Pillsbury Ready To Bake,3.00,3,each,Uncategorized,Non-perishable,16 oz; 30 oz
Sterilite Quart Clear Storage,3.00,1,each,Uncategorized,Non-perishable,
Vicks Vapo Shower Tablets,3.00,1,each,Uncategorized,Non-perishable,
All Purpose Enriched Flour,2.00,1,each,Uncategorized,Non-perishable,2 lb
Barilla Classic Non Gmo,2.00,1,each,Uncategorized,Non-perishable,16 oz
Bay Leaves,2.00,1,each,Uncategorized,Non-perishable,0.15 oz
Belgioioso Mozzarella Log Pre,2.00,1,oz,Dairy,Perishable,16 oz
Betty Crocker Snickerdoodle Cookies,2.00,1,each,Uncategorized,Non-perishable,17.9 oz
Bfgummybears,2.00,1,each,Uncategorized,Non-perishable,
Birds Eye Steamfresh Mixed,2.00,1,each,Uncategorized,Non-perishable,10 oz
Bluey Toddler Boys Holiday,2.00,1,each,Uncategorized,Non-perishable,
Cabot Creamery Colby Jack,2.00,1,oz,Dairy,Perishable,8 oz
Cantu Avocado Sulfate Free,2.00,1,each,Uncategorized,Non-perishable,13.5 oz
Chopped Caesar Salad Kit,2.00,1,each,Uncategorized,Non-perishable,11.15 oz
Chuck Roast Choice Angus,2.00,1,each,Uncategorized,Perishable,3.38 lb
Classico Four Cheese Spaghetti,2.00,1,oz,Dairy,Perishable,44 oz
Confectioners Powdered Sugar,2.00,1,each,Uncategorized,Non-perishable,32 oz
Cool Whip Whipped Topping,2.00,1,each,Uncategorized,Non-perishable,8 oz
Cranberry Jalapeno Dip Good,2.00,1,each,Uncategorized,Non-perishable,10 oz
Crest Pro Health Advanced,2.00,1,each,Uncategorized,Non-perishable,32 fl oz
Crosswind All Season Uhp,2.00,1,each,Uncategorized,Non-perishable,
Dawn Platinum Powerwash Dish,2.00,1,each,Uncategorized,Non-perishable,16 oz
Dr Teal S Pure,2.00,1,each,Uncategorized,Non-perishable,6 lbs
Dried Philippine Mango,2.00,1,each,Uncategorized,Non-perishable,6 oz
Extra Virgin Olive Oil,2.00,1,each,Uncategorized,Non-perishable,17 fl oz
Fettuccine,2.00,1,each,Uncategorized,Non-perishable,16 oz
Fluffernutter Marshmallow Fluff,2.00,1,each,Uncategorized,Non-perishable,7.5 oz
Forceum Hena Uhp All,2.00,1,each,Uncategorized,Non-perishable,
Frank S Redhot Cayenne,2.00,1,each,Uncategorized,Non-perishable,23.0 fl oz
French S Non Gmo,2.00,1,each,Uncategorized,Non-perishable,6.0 oz
Garlic Bulb Whole Each,2.00,1,each,Uncategorized,Non-perishable,
Genoa Salami Pepper Jack,2.00,1,oz,Dairy,Perishable,3 oz
Goya Artichoke Hearts,2.00,1,each,Uncategorized,Non-perishable,6 oz
Heavy Whipping Cream Carton,2.00,1,each,Uncategorized,Non-perishable,16 oz
Hidden Valley Ranch Dipping,2.00,1,each,Uncategorized,Non-perishable,20 fl oz
Hillshire Snacking Protein Genoa,2.00,1,oz,Dairy,Perishable,2.76 oz
Honest Kids Super Fruit,2.00,1,each,Uncategorized,Non-perishable,6.75 fl oz
Ken S Steak House,2.00,1,each,Uncategorized,Non-perishable,24 fl oz
Mandarin Oranges Bag,2.00,1,each,Uncategorized,Non-perishable,3 lb
Mccormick Pure Vanilla Extract,2.00,1,each,Uncategorized,Non-perishable,2.0 fl oz
Method All Purpose Cleaner,2.00,1,each,Uncategorized,Non-perishable,28 fl oz
Muenster Deli Sliced Cheese,2.00,1,oz,Dairy,Perishable,8 oz
Native Facial Moisturizer For,2.00,1,each,Uncategorized,Non-perishable,1.7 oz
Native Sensitive Facial Cleanser,2.00,1,each,Uncategorized,Non-perishable,12 oz
Nature S Bakery Blueberry,2.00,1,each,Uncategorized,Non-perishable,2 oz
Ozark Trail Kids Air,2.00,1,each,Uncategorized,Non-perishable,
Pillsbury Cinnamon Rolls With,2.00,1,each,Uncategorized,Non-perishable,
Pillsbury Creamy Supreme Chocolate,2.00,1,each,Uncategorized,Non-perishable,16 oz
Pillsbury Premade Pie Crust,2.00,1,each,Uncategorized,Non-perishable,14.1 oz
Quaker Quick Minute Grits,2.00,1,each,Uncategorized,Non-perishable,24 oz
Red Baby Potatoes Bag,2.00,1,each,Uncategorized,Non-perishable,1.5 lb
Redi Shade No Tools,2.00,1,each,Uncategorized,Non-perishable,
Reduced Calorie Sugar Free,2.00,1,each,Uncategorized,Non-perishable,24 fl oz
Ritz Whole Wheat Crackers,2.00,1,each,Uncategorized,Non-perishable,12.9 oz
Russell Athletic Boy S,2.00,1,each,Uncategorized,Non-perishable,
Sheamoisture Strengthening Scalp Oil,2.00,1,each,Uncategorized,Non-perishable,2 oz
Simply Potatoes Shredded Hash,2.00,1,each,Uncategorized,Non-perishable,20 oz
Sloppy Joe Sauce,2.00,1,each,Uncategorized,Non-perishable,15 oz
Smithfield Naturally Hickory Smoked,2.00,1,each,Uncategorized,Non-perishable,16 oz
Smucker S Natural Strawberry,2.00,1,each,Uncategorized,Non-perishable,17.25 oz
Smucker S Seedless Strawberry,2.00,1,each,Uncategorized,Non-perishable,18 oz
Sprite Lemon Lime Soda,2.00,1,each,Uncategorized,Non-perishable,
Stacy S No Artificial,2.00,1,oz,Snacks,Non-perishable,7.33 oz
Stauffer S Animal Crackers,2.00,1,each,Uncategorized,Non-perishable,24 oz
Strawberries Container,2.00,1,each,Uncategorized,Non-perishable,2 lb
Sweet Cream Unsalted Butter,2.00,1,each,Uncategorized,Non-perishable,16 oz
Tyson Oven Roasted Diced,2.00,1,each,Uncategorized,Perishable,22 oz
Utz Kettle Classics Salt,2.00,1,oz,Snacks,Non-perishable,7.5 oz
Valvoline Maxlife High Mileage,2.00,1,each,Uncategorized,Non-perishable,
Velveeta Pasteurized Recipe Cheese,2.00,1,oz,Dairy,Perishable,16 oz
Vita Coco The Coconut,2.00,1,fl oz,Uncategorized,Non-perishable,16.9 fl oz
Waffle Cut French Fried,2.00,1,each,Uncategorized,Non-perishable,24 oz
Whole Green Broccoli Crowns,2.00,1,each,Uncategorized,Non-perishable,
Whole Wheat Penne,2.00,1,each,Uncategorized,Non-perishable,16 oz
Yellow Mustard Squeeze Bottle,2.00,1,each,Uncategorized,Non-perishable,20 oz
Zunmos Drawer Fabric Dresser,2.00,1,each,Uncategorized,Non-perishable,
Capri Sun Fruit Punch,2.00,1,each,Uncategorized,Non-perishable,6 fl oz
Finish Jet Dry Rinse,2.00,2,each,Uncategorized,Non-perishable,8.45 fl oz; 8.45 oz
Fram Extra Guard Oil,2.00,2,each,Uncategorized,Non-perishable,
King Arthur Baking Company,2.00,2,each,Uncategorized,Non-perishable,10 lb; 5 lb
Lipton Recipe Secrets Onion,2.00,1,each,Uncategorized,Non-perishable,2 oz
Safety St Custom Fit,2.00,1,each,Uncategorized,Non-perishable,
Shredded Iceberg Lettuce Bag,2.00,2,each,Uncategorized,Non-perishable,16 oz; 8 oz
Venus Extra Smooth Sensitive,2.00,1,each,Uncategorized,Non-perishable,
Welch S Non Alcoholic,2.00,1,each,Uncategorized,Non-perishable,25.4 fl oz
Ace Brand Adjustable Compression,1.00,1,each,Uncategorized,Non-perishable,
Airfire H Hepa Air,1.00,1,each,Uncategorized,Non-perishable,
Airtechnik Cf Cabin Air,1.00,1,each,Uncategorized,Non-perishable,
Allegra Children S Hour,1.00,1,each,Uncategorized,Non-perishable,4 oz
Allerease Ultimate Cotton Pillow,1.00,1,each,Uncategorized,Non-perishable,
Applegate Natural Prosciutto,1.00,1,each,Produce,Perishable,3 oz
Aspercreme Max Strength Topical,1.00,1,each,Uncategorized,Non-perishable,4.3 oz
Aveeno Therapeutic Shave Gel,1.00,1,each,Uncategorized,Non-perishable,7 oz
Baby Peeled Carrots Bag,1.00,1,each,Uncategorized,Non-perishable,1 lb
Belgioioso Freshly Grated Parmesan,1.00,1,oz,Dairy,Perishable,5 oz
Betty Crocker Delights Super,1.00,1,each,Uncategorized,Perishable,13.25 oz
Betty Crocker Favorites Super,1.00,1,each,Uncategorized,Non-perishable,13.25 oz
Blue Bunny Soft Cookies,1.00,1,each,Uncategorized,Non-perishable,46 fl oz
Cabot Creamery Lowfat Greek,1.00,1,each,Dairy,Perishable,2 lb
Cantu Care For Kids,1.00,1,each,Uncategorized,Non-perishable,6 fl oz
Cantu Sulfate Free Hydrating,1.00,1,each,Uncategorized,Non-perishable,25 fl oz
Cantu Weightless Smoothing Shampoo,1.00,1,each,Uncategorized,Non-perishable,
Cascade Complete Dishwasher Detergent,1.00,1,each,Uncategorized,Non-perishable,120 fl oz
Cascade Complete Dishwashing Liquid,1.00,1,each,Uncategorized,Non-perishable,120 fl oz
Celery Sticks Bag,1.00,1,each,Uncategorized,Non-perishable,20 oz
Character Toddler Boy Briefs,1.00,1,each,Uncategorized,Non-perishable,
Cheetos Crunchy Cheese Flavored,1.00,1,oz,Dairy,Perishable,8.5 oz
Cheez It Grooves Sharp,1.00,1,oz,Dairy,Perishable,17 oz
Chicalfredo,1.00,1,each,Uncategorized,Non-perishable,
Chick Enchil,1.00,1,each,Uncategorized,Non-perishable,
Children S Motrin Ibuprofen,1.00,1,each,Uncategorized,Non-perishable,
Chili Seasoning Mix,1.00,1,each,Uncategorized,Non-perishable,1.25 oz
Choc Caramel,1.00,1,each,Uncategorized,Non-perishable,
Chocolate Chip Cookie Dough,1.00,1,each,Uncategorized,Non-perishable,48 fl oz
Cinnamon Sticks,1.00,1,each,Uncategorized,Non-perishable,0.75 oz
Cloudline Pn,1.00,1,each,Uncategorized,Non-perishable,
Coffee Mate Harry Potter,1.00,1,each,Uncategorized,Non-perishable,14 oz
Columbus Peppered Salami Sliced,1.00,1,each,Uncategorized,Perishable,10 oz
Concord Foods Lime Juice,1.00,1,fl oz,Uncategorized,Non-perishable,4.5 oz
Convenience Kits International Women,1.00,1,each,Uncategorized,Non-perishable,
Cookies Cream Ice Cream,1.00,1,each,Uncategorized,Non-perishable,48 fl oz
Core Power Elite Vanilla,1.00,1,each,Uncategorized,Non-perishable,14 fl oz
Cranberries Bag,1.00,1,each,Uncategorized,Non-perishable,12 oz
Creamy Peanut Butter Good,1.00,1,each,Uncategorized,Non-perishable,40 oz
Crest Toothpaste D White,1.00,1,each,Uncategorized,Non-perishable,2.4 oz
Daisy Pure And Natural,1.00,1,each,Uncategorized,Non-perishable,24 oz
Dark Green Sanding Sugar,1.00,1,each,Uncategorized,Non-perishable,3.5 oz
Dawn Powerwash Spray Dish,1.00,1,each,Uncategorized,Non-perishable,16 fl oz
Del Monte Cut Green,1.00,1,each,Pantry,Non-perishable,14.5 oz
Dove Advanced Care Antiperspirant,1.00,1,each,Uncategorized,Non-perishable,2.6 oz
Dr Teal S Kids,1.00,1,each,Uncategorized,Non-perishable,20 fl oz
Dry Roasted Peanuts,1.00,1,each,Uncategorized,Non-perishable,16 oz
Duke S Mayonnaise Light,1.00,1,each,Uncategorized,Non-perishable,18 oz
Earthbound Farm Vegetable Tray,1.00,1,each,Uncategorized,Non-perishable,40 oz
Easter Bunny Multi Color,1.00,1,each,Uncategorized,Non-perishable,2.82 oz
Equate Isopropyl Alcohol Antiseptic,1.00,1,each,Uncategorized,Non-perishable,32 fl oz
Extra Creamy Dairy Whipped,1.00,1,each,Uncategorized,Non-perishable,13 oz
Extra Sharp Cheddar Shredded,1.00,1,oz,Dairy,Perishable,16 oz
Farberware Professional Old Fashion,1.00,1,each,Uncategorized,Non-perishable,
Filtrete X X Hvac,1.00,1,each,Uncategorized,Non-perishable,
Fram Ultra Synthetic Oil,1.00,1,each,Uncategorized,Non-perishable,
Frozen Broccoli Cuts Steamable,1.00,1,each,Uncategorized,Non-perishable,32 oz
Frozen Broccoli Florets Bag,1.00,1,each,Uncategorized,Non-perishable,32 oz
Gatorade Gator Skin Bottle,1.00,1,each,Uncategorized,Non-perishable,32 oz
Gillette Satin Care Ultra,1.00,1,each,Uncategorized,Non-perishable,14 oz
Good Spirits A Novel,1.00,1,each,Uncategorized,Non-perishable,
Ground Ginger,1.00,1,each,Uncategorized,Non-perishable,1.5 oz
Halloween Color Your Own,1.00,1,each,Uncategorized,Non-perishable,
Hardwood Smoked Classic Sliced,1.00,1,each,Uncategorized,Non-perishable,16 oz
Hardwood Smoked Thick Cut,1.00,1,each,Uncategorized,Non-perishable,16 oz
Heinz Homestyle Turkey Gravy,1.00,1,each,Meat,Non-perishable,18 oz
Hershey S Caramel Flavored,1.00,1,each,Uncategorized,Non-perishable,22 oz
Hershey S Chocolate Syrup,1.00,1,each,Uncategorized,Non-perishable,24 oz
Holiday Hot Cocoa Whipped,1.00,1,each,Uncategorized,Non-perishable,13 oz
Honest Kids Appley Ever,1.00,1,each,Produce,Perishable,6 fl oz
Honey Maid Graham Crackers,1.00,1,each,Uncategorized,Non-perishable,14.4 oz
Honey Plastic Bear,1.00,1,each,Uncategorized,Non-perishable,12 oz
Horizon Half And Half,1.00,1,each,Uncategorized,Non-perishable,32 fl oz
Horizon Real Dairy Homestyle,1.00,1,each,Uncategorized,Non-perishable,24 fl oz
Hot Honey Cashews Good,1.00,1,each,Uncategorized,Non-perishable,6 oz
Hyper Tough Amp In,1.00,1,each,Uncategorized,Non-perishable,
Ice Breakers Ice Cubes,1.00,1,each,Uncategorized,Non-perishable,3.24 oz
Individually Plastic Wrapped Singles,1.00,1,each,Dairy,Perishable,16 oz
Ink Cartridges Compatible For,1.00,1,each,Uncategorized,Non-perishable,
Jell O French Vanilla,1.00,1,each,Uncategorized,Non-perishable,3.4 oz
Jimmy Dean Regular Pork,1.00,1,each,Meat,Perishable,16 oz
Johnsonville Breakfast Sausage Links,1.00,1,each,Meat,Perishable,12 oz
Just Bare Lightly Breaded,1.00,1,oz,Bakery,Perishable,24 oz
Keebler Ready Crust Inch,1.00,1,each,Uncategorized,Non-perishable,6 oz
Kellogg S Graham Cracker,1.00,1,each,Uncategorized,Non-perishable,13.5 oz
Kellogg S Rice Krispies,1.00,1,each,Uncategorized,Non-perishable,18 oz
Kettle Brand Party Size,1.00,1,oz,Snacks,Non-perishable,13 oz
Kettle Brand Sea Salt,1.00,1,oz,Snacks,Non-perishable,7.5 oz
Kinder S Buttery Steakhouse,1.00,1,each,Uncategorized,Non-perishable,5.5 oz
Kinder S Sunday Pot,1.00,1,each,Uncategorized,Non-perishable,1.1 oz
Kraft Parmesan Finely Shredded,1.00,1,oz,Dairy,Perishable,6 oz
Ks Bags,1.00,1,each,Uncategorized,Non-perishable,
Ktaxon Twin Size Bed,1.00,1,each,Uncategorized,Non-perishable,
L A Looks Extreme,1.00,1,each,Uncategorized,Non-perishable,20 oz
La Chona Cotija Mexican,1.00,1,each,Dairy,Perishable,16 oz
Land O Lakes Unsalted,1.00,1,each,Uncategorized,Non-perishable,1 lb
Lemon Each,1.00,1,each,Uncategorized,Non-perishable,
Light Brown Sugar,1.00,1,each,Uncategorized,Non-perishable,32 oz
Little Debbie Big Pack,1.00,1,each,Uncategorized,Non-perishable,
Logitech Wireless Presenter R,1.00,1,each,Uncategorized,Non-perishable,
Lucas Oil Products Interior,1.00,1,each,Uncategorized,Non-perishable,
Lunchables Turkey Cheddar Value,1.00,1,each,Meat,Non-perishable,1.9 oz
Mainstays Ply Manual Can,1.00,1,each,Uncategorized,Non-perishable,
Maple Grove Farms Pure,1.00,1,each,Uncategorized,Non-perishable,12.5 fl oz
Marshmallow Whipped Dairy Topping,1.00,1,each,Uncategorized,Non-perishable,13 oz
Marshmallows Bag,1.00,1,each,Uncategorized,Non-perishable,10 oz
Mccormick Ground Cumin Bottle,1.00,1,each,Uncategorized,Non-perishable,1.5 oz
Medium Egg Noodles,1.00,1,each,Uncategorized,Non-perishable,16 oz
Meow Mix Gravy Bursts,1.00,1,each,Uncategorized,Perishable,13.5 lb
Method Curl Defining Co,1.00,1,each,Uncategorized,Non-perishable,13.5 oz
Method Moisturizing Conditioner Simply,1.00,1,each,Uncategorized,Non-perishable,13.5 fl oz
Method Repairing Shampoo Island,1.00,1,each,Uncategorized,Non-perishable,14 fl oz
Mobil Advanced Full Synthetic,1.00,1,each,Uncategorized,Non-perishable,
Monster Microfiber Towel With,1.00,1,each,Uncategorized,Non-perishable,
Morton Iodized Salt,1.00,1,each,Uncategorized,Non-perishable,26 oz
Mucinex Children S Night,1.00,1,each,Uncategorized,Non-perishable,4 fl oz
Mucinex Children S Stuffy,1.00,1,each,Uncategorized,Non-perishable,4 fl oz
Mucinex Fast Max Cold,1.00,1,each,Uncategorized,Non-perishable,6 fl oz
Mucinex Fast Max Kickstart,1.00,1,each,Uncategorized,Non-perishable,6 fl oz
Mucinex Fast Max Severe,1.00,1,each,Uncategorized,Non-perishable,6 fl oz
Mucinex Nightshift Sinus Medicine,1.00,1,each,Uncategorized,Non-perishable,6 fl oz
Mueller S Sodium Free,1.00,1,each,Uncategorized,Non-perishable,16 oz
Native Coconut Vanilla Body,1.00,1,each,Uncategorized,Non-perishable,18 fl oz
Native Limited Edition Vanilla,1.00,1,each,Uncategorized,Non-perishable,18 fl oz
Native Moisturizing Conditioner Coconut,1.00,1,each,Uncategorized,Non-perishable,16.5 fl oz
Nature S Miracle Dog,1.00,1,each,Uncategorized,Non-perishable,24 oz
Nestle Toll House Premier,1.00,1,oz,Snacks,Non-perishable,12 oz
Ocean Spray Cranberry Juice,1.00,1,each,Uncategorized,Non-perishable,64 fl oz
Ocean Spray Whole Cranberry,1.00,1,each,Uncategorized,Non-perishable,14 oz
Olay Firming Body Lotion,1.00,1,each,Uncategorized,Non-perishable,17 fl oz
Olay Nourishing Body Wash,1.00,1,each,Uncategorized,Non-perishable,20 fl oz
Oregon Chai Chai Concentrate,1.00,1,each,Uncategorized,Non-perishable,
Ortho Groundclear Poison Ivy,1.00,1,each,Uncategorized,Non-perishable,
Parmesan Baked Cheese Crisp,1.00,1,oz,Dairy,Perishable,2.12 oz
Parmesan Cheese Crisps With,1.00,1,oz,Dairy,Perishable,2.12 oz
Parmesan Finely Shredded Cheese,1.00,1,oz,Dairy,Perishable,6 oz
Pen Gear Economy White,1.00,1,each,Uncategorized,Non-perishable,
Pepperidge Farm Sesame Topped,1.00,1,each,Bakery,Non-perishable,
Peppermint Whipped Dairy Topping,1.00,1,each,Uncategorized,Non-perishable,13 oz
Planet Oat Oatmilk Dairy,1.00,1,fl oz,Dairy,Perishable,52 oz
Pomegranate Juice,1.00,1,fl oz,Uncategorized,Non-perishable,32 fl oz
Pompeian Red Wine Vinegar,1.00,1,each,Uncategorized,Non-perishable,16 fl oz
Popcorners Spicy Queso,1.00,1,oz,Pantry,Non-perishable,7 oz
Popcorners White Cheddar,1.00,1,oz,Pantry,Non-perishable,12 oz
Premium Soup Oyster Crackers,1.00,1,each,Uncategorized,Non-perishable,9 oz
Produce Whole Green Cilantro,1.00,1,each,Uncategorized,Non-perishable,
Pure Granulated Sugar,1.00,1,each,Uncategorized,Non-perishable,4 lb
Pure Pumpkin,1.00,1,each,Uncategorized,Non-perishable,15 oz
Purina One Plus Sensitive,1.00,1,each,Meat,Non-perishable,7 lb
Purina One True Instinct,1.00,1,each,Meat,Non-perishable,7.4 lb
Queso Mama White Queso,1.00,1,each,Uncategorized,Non-perishable,12 oz
Red Lobster Cheddar Bay,1.00,1,each,Uncategorized,Non-perishable,11.36 oz
Ricotta Cheese Tub,1.00,1,oz,Dairy,Perishable,32 oz
Ritz Peanut Butter Sandwich,1.00,1,each,Uncategorized,Non-perishable,
Roasted Salted Pistachios Resealable,1.00,1,each,Uncategorized,Non-perishable,16 oz
Rolo Unwrapped Rich Chocolate,1.00,1,each,Uncategorized,Non-perishable,7.6 oz
Russell Athletic Boys Runner,1.00,1,each,Uncategorized,Non-perishable,
Salt Free Garlic Herb,1.00,1,each,Uncategorized,Non-perishable,2.5 oz
Sargento Balanced Breaks Cheese,1.00,1,oz,Dairy,Perishable,
Schick Hydro Silk Ultra,1.00,1,each,Uncategorized,Non-perishable,
Scott Septic Safe Ply,1.00,1,each,Uncategorized,Non-perishable,
Secret Aluminum Free Women,1.00,1,each,Uncategorized,Non-perishable,2.4 oz
Semi Sweet Chocolate Baking,1.00,1,oz,Snacks,Non-perishable,12 oz
Sheamoisture Antiperspirant Deodorant Stick,1.00,1,each,Uncategorized,Non-perishable,2.6 oz
Sheamoisture Even Tone Antiperspirant,1.00,1,each,Uncategorized,Non-perishable,2.6 oz
Sheamoisture Whole Body Deodorant,1.00,1,each,Uncategorized,Non-perishable,2.6 oz
Shredded Mexican Style Cheese,1.00,1,each,Dairy,Perishable,16 oz
Shredded Sharp Cheddar Cheese,1.00,1,oz,Dairy,Perishable,8 oz
Sleek Scalp Massage Brush,1.00,1,each,Uncategorized,Non-perishable,
Smash Kitchen Classic Extra,1.00,1,each,Uncategorized,Non-perishable,16.9 fl oz
Smucker S Simply Fruit,1.00,1,each,Uncategorized,Non-perishable,10 oz
Snack Factory Garlic Parmesan,1.00,1,each,Uncategorized,Non-perishable,14 oz
Socozy Kid S Swim,1.00,1,each,Uncategorized,Non-perishable,10.5 fl oz
Soundcore Aeroclip Open Ear,1.00,1,each,Uncategorized,Non-perishable,
Spears Dill Pickle Pack,1.00,1,each,Uncategorized,Non-perishable,24 fl oz
Sterilite Large Latching Storage,1.00,1,each,Uncategorized,Non-perishable,
Stouffer S Classic Lasagna,1.00,1,each,Uncategorized,Perishable,90 oz
Stouffer S Macaroni Cheese,1.00,1,oz,Dairy,Perishable,76 oz
Stove Top Stuffing Mix,1.00,1,each,Meat,Non-perishable,6 oz
Super Tech Cabin Air,1.00,1,each,Uncategorized,Non-perishable,
Sweet Peas Frozen Steamable,1.00,1,each,Uncategorized,Non-perishable,12 oz
Tazo Chai Pumpkin Spice,1.00,1,each,Uncategorized,Non-perishable,32 fl oz
Tazo Tea Latte Chai,1.00,1,each,Uncategorized,Non-perishable,32 fl oz
Tide Free Gentle Unscented,1.00,1,each,Uncategorized,Non-perishable,
Toddler Boys Fleece Zip,1.00,1,each,Uncategorized,Non-perishable,
Toddler Boys Long Sleeve,1.00,1,each,Uncategorized,Non-perishable,
Tph By Taraji Cooling,1.00,1,each,Uncategorized,Non-perishable,4 oz
Tph By Taraji Ride,1.00,1,each,Uncategorized,Non-perishable,4 oz
Traditional Medicinals Nighty Night,1.00,1,each,Uncategorized,Non-perishable,
Trolli Sour Brite Crawlers,1.00,1,each,Uncategorized,Non-perishable,14 oz
Turkey Hill Choco Mint,1.00,1,each,Meat,Non-perishable,46 fl oz
Turkey Hill Chocolate Chip,1.00,1,each,Meat,Non-perishable,46 fl oz
Uncured Calabrese Salami Prosciutto,1.00,1,each,Uncategorized,Non-perishable,6 oz
Utz Braided Twists Honey,1.00,1,each,Uncategorized,Non-perishable,14 oz
Vanilla Bean Flavored Ice,1.00,1,each,Uncategorized,Non-perishable,48 fl oz
Vegetable Oil Heart Healthy,1.00,1,each,Uncategorized,Non-perishable,48 fl oz
Vicks Warm Steam Vaporizer,1.00,1,each,Uncategorized,Non-perishable,
Walmart New Tire Install,1.00,1,each,Uncategorized,Non-perishable,
Weiman Granite Cleaner Polish,1.00,1,each,Uncategorized,Non-perishable,
Welch S Natural Concord,1.00,1,each,Uncategorized,Non-perishable,17 oz
Welch S Natural Strawberry,1.00,1,each,Uncategorized,Non-perishable,17 oz
Wet Brush Go Green,1.00,1,each,Uncategorized,Non-perishable,
Wet Brush Mini Detangler,1.00,1,each,Uncategorized,Non-perishable,
Whole Red Onion Each,1.00,1,each,Uncategorized,Non-perishable,
Whole Sweet Onion Each,1.00,1,each,Uncategorized,Non-perishable,
Wilton Mini Daisy Royal,1.00,1,each,Uncategorized,Non-perishable,0.33 oz
Yellow Baby Potatoes Bag,1.00,1,each,Uncategorized,Non-perishable,1.5 lb
Yellow Bell Pepper Each,1.00,1,each,Uncategorized,Non-perishable,
