item,total_qty,weeks_observed,units_per_week_all,units_per_week_13w,occurrences,package_volume
"Fresh Banana, Each",331.00,61.71,5.3634,5.6923,54,
Chobani 20G Protein Low-Fat Greek Yogurt Drink Strawberries & Cream 10 fl oz Bottle,75.00,61.71,1.2153,1.0769,21,20G
"Great Value Whole Vitamin D Milk, Gallon, 128 fl oz",74.00,61.71,1.1991,1.6923,62,128 fl oz
"bubly Sparkling Water, The Super Mario Galaxy Movie Cherry, Zero Sugar & Zero Calories ,12 fl oz Cans (8 pack)​",61.00,61.71,0.9884,0.9231,51,12 fl oz
"Thomas' Plain Mini Bagels, 10 count, Kosher Mini Bagels, 15 oz Bag",59.00,61.71,0.9560,0.8462,48,10 count
"Great Value Black Beans, 15 oz",58.00,61.71,0.9398,1.1538,30,15 oz
"Great Value Uncooked Original Breakfast Pork Sausage Links, 12 oz Package",55.00,61.71,0.8912,0.8462,38,12 oz
"Great Value Oven Roasted Turkey Breast Lunchmeat, 16 oz, Plastic Tub, Refrigerated",54.00,61.71,0.8750,0.7692,39,16 oz
"Tostitos Scoops! Tortilla Chips Multigrain, 10 oz Bag",52.00,61.71,0.8426,1.4615,33,10 oz
"Nature's Own WhiteWheat Healthy White Bread, Sliced White Bread Loaf, 20 oz, Shelf-Stable",52.00,61.71,0.8426,1.0000,38,20 oz
"Oikos Pro 23g Protein, Mango Pineapple Cultured Dairy Drink Bottle, 7 fl oz",50.00,61.71,0.8102,1.3846,13,23g
"Great Value Golden Sweet Whole Kernel Corn, 15 oz",48.00,61.71,0.7778,1.0000,31,15 oz
"Great Value Original Whipped Cream Cheese Spread, 12 oz Tub",48.00,61.71,0.7778,0.9231,41,12 oz
"BelGioioso Gluten-Free Asiago Specialty Cheese Wedge, 8 oz",45.00,61.71,0.7292,0.3846,43,8 oz
"Marketside Plain Goat Cheese, 4 oz",44.00,61.71,0.7130,1.0769,28,4 oz
"Thomas' Light Multi-Grain English Muffins, 6 count, 100 Calories English Muffins, 12 oz Tray",42.00,61.71,0.6806,0.6154,33,6 count
"Fresh Glorys Cherry Tomatoes, 10 oz Package",40.00,61.71,0.6481,0.9231,33,10 oz
"Lunchables Ham & Cheddar Value Pack, 1.9 oz Pack",40.00,61.71,0.6481,0.0000,10,1.9 oz
"Great Value Petite Diced Tomatoes in Tomato Juice, 14.5 oz",38.00,61.71,0.6157,0.6923,21,14.5 oz
"Pepperidge Farm White Hot Dog Buns, Top Sliced, 8-Pack Bag",37.00,61.71,0.5995,1.2308,25,
"bubly Sparkling Water, The Super Mario Galaxy Movie Lime, Zero Sugar & Zero Calories, 12 fl oz Cans (8 pack)​",36.00,61.71,0.5833,1.1538,32,12 fl oz
"Oscar Mayer Turkey Franks Hot Dogs, 16 oz, 10 ct Pack",35.00,61.71,0.5671,1.0769,26,16 oz
"Oikos Pro 23g Protein, Peach Cultured Dairy Drink Bottle, 7 fl oz",33.00,61.71,0.5347,0.3846,8,23g
"Oikos Pro Shots 10g Protein, Mixed Berry Cultured Dairy Drinks Bottles, 3.1 fl oz, 6 Count​",32.00,61.71,0.5185,0.7692,27,10g
"Great Value Large White Eggs, 18 Count",28.00,61.71,0.4537,0.2308,23,18 Count
"Oikos Pro 23g Protein, Strawberry Banana Cultured Dairy Drink Bottle, 7 fl oz",28.00,61.71,0.4537,0.6923,6,23g
"King's Hawaiian Original Hawaiian Sweet Dinner Rolls 24 Count, 24 oz, Shelf-Stable",27.00,61.71,0.4375,0.0769,24,24 Count
"Snyder's of Hanover Pretzels, Braided Pretzel Twists Honey Wheat, 12 oz",27.00,61.71,0.4375,0.4615,24,12 oz
"Great Value Large White Eggs, 36 Count",26.00,61.71,0.4213,0.6923,24,36 Count
Marketside Envy Apples 3 Lb Bag,24.00,61.71,0.3889,1.0000,24,3 Lb
"Sweet Potatoes Whole Fresh, Each",23.00,61.71,0.3727,0.0000,4,
"Jimmy Dean Premium Pork Regular Sausage Roll, 16 oz",23.00,61.71,0.3727,0.7692,22,16 oz
"Oikos Triple Zero 17g Protein, 0g Added Sugar, Fat Free Vanilla Greek Yogurt Tub, 32 oz",23.00,61.71,0.3727,0.9231,16,17g
"TAZO Classic Chai Latte Black Tea Concentrate, Made from Real Black Tea, 32oz Carton",23.00,61.71,0.3727,0.6923,22,32oz
"McCormick Chili Seasoning Mix, 1.25 oz Packet",22.00,61.71,0.3565,0.3846,17,1.25 oz
"Bush's Chili Beans, Canned Pinto Beans in Mild Chili Sauce, 27 oz Can",22.00,61.71,0.3565,0.3846,17,27 oz
"Great Value Reduced Sodium Gluten-Free Chicken Broth, 32 oz Carton (Shelf-Stable)",21.00,61.71,0.3403,0.4615,10,32 oz
"Great Value Muenster Deli Style Sliced Cheese, 8 oz, 12 Slices",20.00,61.71,0.3241,0.3077,10,8 oz
"Great Value Sharp Cheddar Finely Shredded Cheese, 16 oz Bag",20.00,61.71,0.3241,0.8462,15,16 oz
"Oikos Pro Shots 10g Protein, Mango Cultured Dairy Drinks Bottles, 3.1 fl oz, 6 Count​",20.00,61.71,0.3241,0.2308,19,10g
"Perdue Harvestland, Fresh Ground Chicken, 92% Lean 8% Fat, 1 lb. Tray",19.00,61.71,0.3079,0.4615,13,1 lb
"Great Value Cut Green Beans, 14.5 oz Can",18.00,61.71,0.2917,0.0000,7,14.5 oz
"Fresh Whole Celery Stalk, 1 Each Bag",18.00,61.71,0.2917,0.6154,17,1 Each
"Pacific Foods Organic Creamy Tomato Soup, 32 oz Carton",18.00,61.71,0.2917,0.3077,17,32 oz
"Great Value Colby & Monterey Jack Cheese Snack, 9 oz Bag, 12 Cheese Sticks",18.00,61.71,0.2917,0.5385,14,9 oz
"Plum Organics® Tots Mighty Builder Fruit & Veggie Blend Pear, White Bean, Blueberry, Date + Chia & Banana, White Bean, Strawberry + Chia 4oz Pouch-8-pack",16.00,61.71,0.2593,0.0000,10,4oz
"PopCorners No Artificial Colors or Flavors White Cheddar Popped Corn Chips Bag, 7 oz",16.00,61.71,0.2593,0.3077,13,7 oz
"Planet Oat Oat Milk, Velvety & Smooth, Barista Lovers, 52 fl oz",16.00,61.71,0.2593,0.3846,15,52 fl oz
"Great Value Turkey Pepperoni Slices, 5 oz",15.00,61.71,0.2431,0.6154,12,5 oz
"Fresh Strawberries, 1 lb",15.00,61.71,0.2431,0.0769,13,1 lb
"Nature's Own 100% Whole Wheat, Whole Wheat Sandwich Bread, 20 oz Loaf, Shelf-Stable",15.00,61.71,0.2431,0.1538,12,20 oz
"Great Value Original Sour Cream, 24 oz Tub",15.00,61.71,0.2431,0.3846,14,24 oz
"TPH BY TARAJI Hustle & Co Hydrating Co Wash Cleansing Hair Conditioner | Coily & Curly Hair | All Genders, 12 oz.",14.00,61.71,0.2269,0.0769,12,12 oz
"Pepperidge Farm Raisin Cinnamon Swirl Breakfast Bread, 16 oz Loaf",14.00,61.71,0.2269,0.4615,13,16 oz
"Activia Probiotic Dailies Strawberry Low Fat Probiotic Yogurt Drinks, Helps Support Gut Health, 3.1 fl oz, 8 Count",14.00,61.71,0.2269,0.0000,9,3.1 fl oz
"Fritos Regular Corn Chips, 9.25 oz Single Bag",14.00,61.71,0.2269,0.5385,9,9.25 oz
"Fresh Lime, Each",13.00,61.71,0.2106,0.9231,5,
"Fresh Whole Brown Mushrooms, 8 oz",13.00,61.71,0.2106,0.3846,9,8 oz
"DiGiorno Classic Crust Cheese Pizza, 19.1 oz (Frozen)",13.00,61.71,0.2106,0.0000,7,19.1 oz
"Fritos Scoops! Corn Snacks, Party Size, 15.5 oz Bag",12.00,61.71,0.1944,0.0000,6,15.5 oz
"Kerrygold Grass-Fed Pure Irish Salted Butter Sticks, 8 oz, 2 Sticks",12.00,61.71,0.1944,0.3846,11,8 oz
"TPH BY TARAJI Make it Rain Hydrating Deep Conditioner With Aloe Vera, Avocado Oil, & Moringa Oil For All Hair Types | Detangler For Curly, Coily & Wavy Hair | Color Safe & Sulfate Free, 12 oz.",12.00,61.71,0.1944,0.0769,11,12 oz
"Smithfield Hickory Smoked Bacon, 16 oz, Gluten-Free, No MSG",12.00,61.71,0.1944,0.4615,11,16 oz
"HERSHEY’S a2 Milk® Chocolate 2% Reduced Fat Milk Boxes, 8 oz, 12-Pack",12.00,61.71,0.1944,0.0000,12,8 oz
"Organic Fresh Whole Carrots, 2 lb Bag",12.00,61.71,0.1944,0.0769,12,2 lb
"Pillsbury Grands! Southern Homestyle Buttermilk Biscuits, 2 Pack, 16 Biscuits, 32.6 oz",12.00,61.71,0.1944,0.0769,12,2 Pack
La Banderita Yellow Corn Tortilla 30 Count,11.00,61.71,0.1782,0.1538,7,30 Count
"Heinz Chili Sauce, 12 oz Bottle",11.00,61.71,0.1782,0.0000,8,12 oz
Fresh Whole Russet Potatoes 5 lb Bag,11.00,61.71,0.1782,0.3077,10,5 lb
"Great Value No Stir Creamy Natural Peanut Butter Spread, 40 oz",11.00,61.71,0.1782,0.3846,10,40 oz
"Gordo's Original Queso Cheese Dip, 16 oz, Refrigerated Dip",11.00,61.71,0.1782,0.3846,11,16 oz
"Honey Nut Cheerios, Heart Healthy Cereal, Affirmations Box, Mega Size, 27.2 oz",11.00,61.71,0.1782,0.3846,10,27.2 oz
"Fresh Honeycrisp Apples, 3 lb Bag",10.00,61.71,0.1620,0.0000,10,3 lb
"Old El Paso Mild Red Enchilada Sauce, Meal Prep, 10 oz",10.00,61.71,0.1620,0.3077,3,10 oz
"Great Value Mixed Vegetables, 12 oz Steamable Bag (Frozen)",10.00,61.71,0.1620,0.1538,5,12 oz
"Scott 1000 Toilet Paper, 12 Rolls, 1,000 Sheets per Roll",10.00,61.71,0.1620,0.2308,10,
"Pace Chunky Medium Salsa, 64 oz Bottle",10.00,61.71,0.1620,0.2308,10,64 oz
Cabot Creamery Cabot Whole Milk Plain Greek Yogurt 2 lb (Refrigerated  Tub),10.00,61.71,0.1620,0.2308,10,2 lb
"Blue Diamond Almonds, Lightly Salted Low Sodium Snack Nuts For Gluten Free Snacking, 14 oz.",10.00,61.71,0.1620,0.0769,9,14 oz
"Chobani 20G Protein Low-Fat Greek Yogurt Drink, Strawberries and Cream 10 fl oz Bottle, 4 Pack",10.00,61.71,0.1620,0.1538,10,20G
"Perdue Harvestland, Free Range, Fresh Chicken Breast Tenderloin Pieces, 0.8-1.7lb. Tray",10.00,61.71,0.1620,0.3077,10,1.7lb
"Fresh Red Bell Pepper, 1 Each",9.00,61.71,0.1458,0.3077,9,1 Each
"Fresh Whole Yellow Onion, Each",9.00,61.71,0.1458,0.3846,9,
"Fresh Slicing Tomato, Each",9.00,61.71,0.1458,0.5385,4,
"Mission Super Soft Flour Tortillas, Soft Taco Size, 10 Count",9.00,61.71,0.1458,0.0000,6,10 Count
"Fresh Hass Avocados, Each",9.00,61.71,0.1458,0.3846,4,
"Green Bell Pepper, 1 each",9.00,61.71,0.1458,0.1538,9,1 each
SunButter Original Sunflower Seed Butter 16 oz Jar,9.00,61.71,0.1458,0.0000,9,16 oz
"Snack Factory Original Pretzel Crisps, Non-GMO, 14 oz Party Size Bag",9.00,61.71,0.1458,0.0769,9,14 oz
"Hellmann's Real Mayonnaise Rich Creamy Condiment Gluten Free, 20 oz Squeeze Bottle",9.00,61.71,0.1458,0.3077,9,20 oz
"Kraft Mexican Style Cheddar Jack Shredded Cheese, 16 oz Bag",8.00,61.71,0.1296,0.0000,6,16 oz
"Great Value Wide Egg Noodles, 16 oz",8.00,61.71,0.1296,0.1538,7,16 oz
"PopCorners No Artificial Colors or Flavors Kettle Corn Popped Corn Chips Bag, 7 oz​",8.00,61.71,0.1296,0.3077,8,7 oz
"Progresso Rich and Hearty Chicken and Homestyle Noodles Canned Soup, 19 oz",8.00,61.71,0.1296,0.3077,2,19 oz
"OREO Cakesters Soft Snack Cakes, 5 - 2.02 oz Snack Packs",8.00,61.71,0.1296,0.0000,6,2.02 oz
"Stauffer's Original Animal Snack Crackers, 32 oz Party Size Pillow Bag, Low Fat Snack for Kids & Adults",8.00,61.71,0.1296,0.1538,8,32 oz
"Little Debbie Vanilla Christmas Tree Cakes, 8.52 oz, 5 Count",8.00,61.71,0.1296,0.1538,5,8.52 oz
"Jet-Puffed Mini Marshmallows, 10 oz Bag",8.00,61.71,0.1296,0.4615,4,10 oz
"Great Value Mild Cheddar Finely Shredded Cheese, 8 oz Bag",7.00,61.71,0.1134,0.0000,7,8 oz
Crunchmaster Multi-Grain Sea Salt Crackers 4oz,7.00,61.71,0.1134,0.0000,5,4oz
"Cholula Kosher Green Pepper Hot Sauce, 5.0 fl oz Bottle",7.00,61.71,0.1134,0.1538,6,5.0 fl oz
"Thomas' Cinnamon Raisin Bagels, 6 count, 9g Protein, Kosher Bagels, 20 oz Bag",7.00,61.71,0.1134,0.0000,5,6 count
"The Cheesecake Factory At Home Famous ""Brown Bread"" Wheat Dinner Rolls",7.00,61.71,0.1134,0.0000,7,
"Heinz Tomato Ketchup, 32 oz Bottle",7.00,61.71,0.1134,0.1538,7,32 oz
"""JIFFY"" Corn Muffin Mix, 8.5 oz Box",7.00,61.71,0.1134,0.2308,6,8.5 oz
"Great Value Italian Style Finely Shredded Cheese, 16 oz Bag",7.00,61.71,0.1134,0.3077,5,16 oz
"Crunchmaster Original Multi-Seed Crisps Gluten-Free Crackers, 4.5 oz. Foil Bag in Carboard Box",7.00,61.71,0.1134,0.0000,7,4.5 oz
"McCormick 30% Less Sodium Taco Seasoning Mix, 1.0 oz Packet",7.00,61.71,0.1134,0.0000,6,1.0 oz
"Great Value Uncooked Original Breakfast Pork Sausage Patties, 12 oz Package (Refrigerated)",7.00,61.71,0.1134,0.1538,5,12 oz
"DiGiorno Stuffed Crust Cheese, Veggie, and Meat Supreme Pizza, 26.4 oz (Frozen)",7.00,61.71,0.1134,0.0000,7,26.4 oz
"Great Value Concord Grape Jelly, 30 oz",7.00,61.71,0.1134,0.0000,6,30 oz
"Great Value Frozen Broccoli Florets Steamable Bag, 12 oz",7.00,61.71,0.1134,0.0000,5,12 oz
"Scott Paper Towels, Choose-A-Sheet, 6 Double Rolls",7.00,61.71,0.1134,0.3077,7,
"All Natural Ground Chicken, 1 lb Tray",7.00,61.71,0.1134,0.2308,5,1 lb
"WHOLLY GUACAMOLE Classic Bowl Family Size, Hass Avocados, No preservatives added, 15 oz Tub",7.00,61.71,0.1134,0.1538,7,15 oz
"Blue Diamond Almonds, Lightly Salted Snack Almonds perfect for lunches and on-the-go, 25 oz.",7.00,61.71,0.1134,0.2308,7,25 oz
Plum Organics® Teensy® Snacks Mixed Berry Soft Fruit Snacks .35oz Pouch/5-Count Box,6.00,61.71,0.0972,0.0000,3,35oz
"Great Value Jasmine Rice, 2 lb",6.00,61.71,0.0972,0.0769,6,2 lb
"Campbell's Condensed Cream of Mushroom Soup, 10.5 oz Can",6.00,61.71,0.0972,0.0000,3,10.5 oz
"Premium Original Saltine Crackers, Lunch Snacks, 16 oz",6.00,61.71,0.0972,0.1538,5,16 oz
"GoGo squeeZ Applesauce and Fruit Puree, Apple Apple Snack Pouches, 3.2 oz, 20 Pack",6.00,61.71,0.0972,0.0000,6,3.2 oz
"Great Value Fiesta Blend Finely Shredded Cheese, 16 oz Bag",6.00,61.71,0.0972,0.0000,6,16 oz
"Sabra Classic Original Fresh Hummus Dip, Non-GMO, Gluten Free, Vegan Hummus Spread, 10 oz Tub",6.00,61.71,0.0972,0.0000,6,10 oz
"Great Value Fully Cooked Turkey Meatballs, 32 oz, Approximately 64 Meatballs (Frozen)",6.00,61.71,0.0972,0.0769,6,32 oz
"Fresh Red Seedless Grapes, Bag (2.25 lbs/Bag Est.)",6.00,61.71,0.0972,0.1538,6,2.25 lbs
"PopCorners No Artificial Colors or Flavors Spicy Queso Popped Corn Chips Bag, 7 oz​",6.00,61.71,0.0972,0.2308,6,7 oz
"Great Value Gluten-Free Beef Broth, 32 oz Carton (Shelf-Stable)",6.00,61.71,0.0972,0.3846,5,32 oz
"PLANTERS Deluxe Honey Roasted Whole Cashews, Sweet and Salty Snacks, Plant Based Protein, 8.25 oz Steel Can",6.00,61.71,0.0972,0.4615,5,8.25 oz
"Pillsbury Orange Rolls with Cinnabon Cinnamon and Orange Icing, 8 Count, 13.9 oz",5.00,61.71,0.0810,0.1538,3,8 Count
Popcorners White Cheddar Sharing Size - 7oz,5.00,61.71,0.0810,0.1538,4,7oz
"Smucker's Concord Grape Jelly, 18 oz",5.00,61.71,0.0810,0.0000,3,18 oz
"Bagel Bites Three Cheese Mini Pizza Bagel Frozen Snacks, 40 ct Box",5.00,61.71,0.0810,0.1538,5,40 ct
"Great Value Bowties, 12 oz",5.00,61.71,0.0810,0.0000,3,12 oz
So Good So You Energy Passionfruit Organic Probiotic Shot - 1.7 fl oz,5.00,61.71,0.0810,0.3077,4,1.7 fl oz
"Great Value Original Diced Tomatoes with Green Chilies, 10 oz",5.00,61.71,0.0810,0.2308,3,10 oz
"Great Value Jumbo Shell, 12 oz",5.00,61.71,0.0810,0.0000,4,12 oz
"Great Value Diced Tomatoes in Tomato Juice, 14.5 oz Can",5.00,61.71,0.0810,0.0769,3,14.5 oz
"Kodiak Protein-Packed Power Cakes Buttermilk Pancake and Waffle Mix, 20 oz Box",5.00,61.71,0.0810,0.1538,4,20 oz
"Core Power Protein Shake with 26g Protein by fairlife Milk, Chocolate, 14 fl oz",5.00,61.71,0.0810,0.2308,2,26g
"Heinz HomeStyle Beef Gravy Value Size, 18 oz Jar",5.00,61.71,0.0810,0.0000,4,18 oz
"Siete Mild Taco Seasoning, Mixed Spice, 1.31 oz. Packet",5.00,61.71,0.0810,0.3077,4,1.31 oz
"Honey Nut Cheerios, Heart Healthy Cereal, Affirmations Box, Family Size, 18.8 oz",5.00,61.71,0.0810,0.0769,5,18.8 oz
"Crystal Geyser Alpine Spring Water, 1 Gallon Plastic Jug",5.00,61.71,0.0810,0.1538,3,1 Gallon
"Oikos Pro 23g Protein, Vanilla Yogurt-Cultured Ultra-Filtered Milk Product Tub, 32 oz​",5.00,61.71,0.0810,0.0000,4,23g
"Hillshire Farm Ultra Thin Oven Roasted Turkey Breast Lunchmeat, 16 oz Plastic Tub, Refrigerated",5.00,61.71,0.0810,0.0000,3,16 oz
"Fresh Cherubs Grape Tomatoes, 10 oz Package",5.00,61.71,0.0810,0.0769,4,10 oz
"The Cheesecake Factory At Home Famous ""Brown Bread"" Sweet Wheat Sandwich Loaf, 18.7 oz, Kosher Rye Bread, Bag",5.00,61.71,0.0810,0.1538,5,18.7 oz
"Great Value Soup & Oyster Crackers, 9 oz",5.00,61.71,0.0810,0.0769,5,9 oz
"Fresh Whole Carrots, 1 lb Bag",5.00,61.71,0.0810,0.3077,5,1 lb
"Swanson White Premium Chunk Chicken Breast with Rib Meat in Water, 12.5 oz. (Pack of 2)",5.00,61.71,0.0810,0.3846,3,12.5 oz
"Great Value Crispy and Salty Pretzel Sticks, 16 oz",4.00,61.71,0.0648,0.1538,4,16 oz
"Great Value Fiesta Blend Finely Shredded Cheese, 8 oz Bag",4.00,61.71,0.0648,0.0000,3,8 oz
General Mills Cheerios Honey Nut Breakfast Cereal - 27.2oz,4.00,61.71,0.0648,0.1538,4,27.2oz
Plum Organics® Jammy Sammy® Snack Size Sandwich Bar Blueberry + Oatmeal 5-Count Box/1.02oz Bars,4.00,61.71,0.0648,0.0000,2,1.02oz
"Ore-Ida Extra Crispy Fast Food French Fries French Fried Potatoes, 26 oz Bag",4.00,61.71,0.0648,0.0000,3,26 oz
"Queso-Melt Original Restaurant Style Melting Cheese, 10 oz, 1 Count",4.00,61.71,0.0648,0.0000,3,10 oz
Applegate Natural Uncured Genoa Salami - 4oz,4.00,61.71,0.0648,0.0000,2,4oz
Tostitos Multigrain Scoops! Tortilla Chips-10oz,4.00,61.71,0.0648,0.0000,2,10oz
"Classico Four Cheese Alfredo Pasta Sauce, 15 oz. Jar",4.00,61.71,0.0648,0.0000,2,15 oz
"Classico Signature Recipes Traditional Pizza Sauce, 14 oz Jar",4.00,61.71,0.0648,0.2308,4,14 oz
"Pillsbury Original Crescent Rolls, Dough, 2 Pack, 16 Rolls, 16 oz",4.00,61.71,0.0648,0.1538,2,2 Pack
Chobani 20G Protein Low-Fat Greek Yogurt Drink Mixed Berry Vanilla 10 fl oz Bottle,4.00,61.71,0.0648,0.0000,2,20G
"Galbani Whole Milk Ricotta Cheese, 32 oz (Refrigerated)",4.00,61.71,0.0648,0.0000,4,32 oz
"Sargento® Sliced Muenster Natural Cheese, 11 Slices",4.00,61.71,0.0648,0.2308,3,
"Crest Toothpaste, 3DWhite Advanced Whitening Toothpaste, Radiant Mint, 3.3 oz, 3 Pack",4.00,61.71,0.0648,0.0000,4,3.3 oz
"Manwich Original Sloppy Joe Sauce, Canned Sauce, 15 oz",4.00,61.71,0.0648,0.0000,3,15 oz
"Olé Mexican Foods Xtreme Wellness High Fiber Keto Certified Flour Tortilla Wraps, 12.7 oz, 8 Count",4.00,61.71,0.0648,0.0000,3,12.7 oz
"Martin's Hoagie Rolls, 6 count",4.00,61.71,0.0648,0.0000,2,6 count
Kraft Mexican Style Four Cheese Finely Shredded Natural Cheese 16oz Bag,4.00,61.71,0.0648,0.0769,3,16oz
"Fresh Romaine Lettuce Hearts 3 Count, Each",4.00,61.71,0.0648,0.1538,4,3 Count
"Starry Lemon Lime Soda Pop, 7.5 fl oz, 10 Pack Mini Cans",4.00,61.71,0.0648,0.0000,3,7.5 fl oz
"Dial Antibacterial Defense Fresh Lavender Scent Foaming Hand Soap, 7.5 fl oz",4.00,61.71,0.0648,0.1538,3,7.5 fl oz
Alexia® Sweet Potato Fries Sweet & Savory with Sea Salt 20oz,4.00,61.71,0.0648,0.0000,4,20oz
"Great Value Classic Alfredo Pasta Sauce, 22 oz",4.00,61.71,0.0648,0.0000,1,22 oz
"Wonder Nation Boys Short Sleeve Top and Pants, 2-Piece Sleep Set, Sizes 4-18 Plus Husky",4.00,61.71,0.0648,0.0000,4,
"Sterilite File Crate, Versatile Plastic Bin with Handles, Letter or Legal File Storage, Black, Standard Size",4.00,61.71,0.0648,0.0000,1,
"Old El Paso Hot Red Enchilada Sauce, 10 oz.",4.00,61.71,0.0648,0.0000,1,10 oz
"Fresh Cosmic Crisp Apples, 3 lb Bag",4.00,61.71,0.0648,0.1538,4,3 lb
"GoGo squeeZ No Sugar Added Apple Apple Applesauce & Fruit Puree Pouches, 3.2 oz (24 Pack)",4.00,61.71,0.0648,0.0769,4,3.2 oz
Mainstays – 4x6 Picture Frame – White Step Program Tabletop Photo Frame,4.00,61.71,0.0648,0.0000,1,4x6
"Pillsbury Creamy Supreme Cream Cheese Frosting, 16 oz Tub",4.00,61.71,0.0648,0.1538,2,16 oz
"BelGioioso Freshly Shredded Parmesan Cheese, 5 oz Refrigerated Plastic Cup",4.00,61.71,0.0648,0.2308,4,5 oz
"Great Value Tomato Paste, 6 oz",4.00,61.71,0.0648,0.3077,4,6 oz
"Nestle Toll House Semi Sweet Chocolate Baking Chips, 12 oz Bag",4.00,61.71,0.0648,0.3077,2,12 oz
"Pillsbury Grands! Southern Style Frozen Breakfast Biscuits, Value Pack, 20 ct., 41.6 oz",4.00,61.71,0.0648,0.3077,4,20 ct
"Tropicana Pure Premium 100% Orange Juice Original, No Pulp, No Sugar Added, 46 fl oz",4.00,61.71,0.0648,0.3077,3,46 fl oz
"Philadelphia Cream Cheese, 2 Blocks, for Recipes and Baking, Original, No Artificial Preservatives, Flavors or Dye, 8 oz",4.00,61.71,0.0648,0.3077,3,8 oz
"Bush's Black Beans, Canned Beans, 15 oz",4.00,61.71,0.0648,0.3077,1,15 oz
"Eggland's Best Large White Eggs, 18 Count",4.00,61.71,0.0648,0.3077,3,18 Count
"GoGo squeeZ Active Electrolyte No Sugar Added Strawberry Pineapple Orange Fruit Blend, 3.9 oz (10 Pack)",3.00,61.71,0.0486,0.0000,3,3.9 oz
"Great Value Sharp Cheddar Finely Shredded Cheese, 8 oz Bag",3.00,61.71,0.0486,0.0000,3,8 oz
Applegate Natural Uncured Peppered Genoa Salami - 4oz,3.00,61.71,0.0486,0.1538,2,4oz
Holiday Vanilla Flavored Stars & Trees Marshmallows - 8oz - Favorite Day™,3.00,61.71,0.0486,0.0000,1,8oz
"Great Value Fiesta Cheese Finely Shredded Blend, 32 oz Bag",3.00,61.71,0.0486,0.0000,3,32 oz
"Freshness Guaranteed Sliced Sourdough Bread Loaf, 24 oz",3.00,61.71,0.0486,0.1538,3,24 oz
"Great Value Organic Reduced Sodium Gluten-Free Chicken Broth, 32 oz Carton (Shelf-Stable)",3.00,61.71,0.0486,0.0000,2,32 oz
"Bush's Chili Beans, Canned Pinto Beans in Mild Chili Sauce, 16 oz Can",3.00,61.71,0.0486,0.0000,3,16 oz
"Fresh Celery Hearts, Each",3.00,61.71,0.0486,0.0000,3,
Popcorners Kettle Corn Snacks Sharing Size - 7oz,3.00,61.71,0.0486,0.1538,3,7oz
Tazo Classic Chai Latte Black Tea Concentrate - 32 fl oz,3.00,61.71,0.0486,0.0769,3,32 fl oz
Vitamin D Whole Milk - 1gal - Good & Gather™,3.00,61.71,0.0486,0.0769,3,1gal
"Barilla Classic Whole Grain Pasta, Thin Spaghetti Noodles, 16 oz",3.00,61.71,0.0486,0.0000,3,16 oz
"Bella Rosa Shredded Parmesan Cheese, Refrigerated 5 oz  Recyclable Plastic Cup",3.00,61.71,0.0486,0.0000,3,5 oz
"Great Value Low-Moisture Part-Skim Mozzarella Shredded Cheese, 32 oz Bag",3.00,61.71,0.0486,0.0769,3,32 oz
"Great Value Oats & Honey Granola, 11 oz",3.00,61.71,0.0486,0.0000,2,11 oz
"Safety 1st Parent Grip Door Knob Covers, White, 3 pack, Toddler",3.00,61.71,0.0486,0.0000,2,3 pack
"Gatorade Cool Blue flavor Thirst Quencher, 28 fl. oz. Bottle",3.00,61.71,0.0486,0.0000,1,
"DiGiorno Frozen Pizza, Rising Crust Four Cheese, 24.6 oz (Frozen)",3.00,61.71,0.0486,0.0000,2,24.6 oz
"Dawn Powerwash Spray Refill, Dish Soap, Dishwashing Liquid, Fresh, 1 Refill",3.00,61.71,0.0486,0.0000,3,
"Flonase Allergy Relief Fluticasone Nasal Spray, 24 Hour Non-Drowsy Allergy Medicine, Metered Nasal Spray - 72 Sprays - Fall And Seasonal Allergy Relief",3.00,61.71,0.0486,0.0000,2,
Cantu Shea Butter for Natural Hair Complete Conditioning Co-Wash 10 oz,3.00,61.71,0.0486,0.0000,3,10 oz
"OREO Double Stuf Chocolate Sandwich Cookies, Party Size, 24.95 oz",3.00,61.71,0.0486,0.0000,1,24.95 oz
"Utz Honey Barbeque Potato Chips, Gluten-Free, Family Size, 7.75 oz Bag",3.00,61.71,0.0486,0.0000,1,7.75 oz
Utz Ripples Sour Cream & Onion Flavored Potato Chips 7.75 oz Family Size Bag,3.00,61.71,0.0486,0.0000,1,7.75 oz
"Great Value Mild Cheddar Deli Style Sliced Cheese, 8 oz Package, 12 Slices",3.00,61.71,0.0486,0.0000,1,8 oz
"Classico Extra Creamy Alfredo Pasta Sauce, 15 oz Jar",3.00,61.71,0.0486,0.0000,1,15 oz
"Great Value Seasoned Croutons, Baked and Seasoned, 5 oz Resealable Bag",3.00,61.71,0.0486,0.0769,3,5 oz
"Nutella Hazelnut Spread with Cocoa, Creamy Hazelnut Spread, Breakfast Favorite, 13 oz Jar",3.00,61.71,0.0486,0.0000,3,13 oz
"Marketside Garlic & Herb Goat Cheese Log, 4 oz",3.00,61.71,0.0486,0.0000,3,4 oz
"Great Value Mozzarella String Cheese Sticks, 12 oz Bag, 12 Count",3.00,61.71,0.0486,0.0000,3,12 oz
"Classico Tomato & Basil Pasta Sauce, 24 oz Jar",3.00,61.71,0.0486,0.0000,3,24 oz
"Pepperidge Farm Farmhouse Sourdough Bread, 24 oz Loaf",3.00,61.71,0.0486,0.1538,2,24 oz
"Great Value Elbows, 16 oz",3.00,61.71,0.0486,0.0000,2,16 oz
"Sargento® Balanced Breaks® Monterey Jack & Mild Cheddar Cheese, WHEAT THINS® Minis",3.00,61.71,0.0486,0.0000,3,
"Swiffer Sweep + Mop Heavy Duty Wet Refills, Multi-Surface Floor Cleaner, Unstopables Fresh, 20 Count",3.00,61.71,0.0486,0.0769,2,20 Count
"Little Debbie Christmas Tree Brownies, 8 oz, 5 Count",3.00,61.71,0.0486,0.0000,2,8 oz
"Great Value Whole Milk Low-Moisture Mozzarella String Cheese Sticks, 12 oz, 12 Count",3.00,61.71,0.0486,0.1538,3,12 oz
"Fresh Navel Orange, Each",3.00,61.71,0.0486,0.0000,1,
"Crunchmaster Multi-Seed Original Gluten-Free crackers, Party Pack, 7 oz. Bag in Box",3.00,61.71,0.0486,0.1538,3,7 oz
"Betty Crocker Bisquick Pancake and Baking Mix, Original, 20 oz",3.00,61.71,0.0486,0.1538,2,20 oz
"Skinnypop Gluten Free Original Popcorn, 8.0 oz Family Size Bag, Skinny Pop, Popcorn Snacks",3.00,61.71,0.0486,0.2308,2,8.0 oz
Fever-Tree Ginger Beer 150ml Cans; 8-pack,3.00,61.71,0.0486,0.2308,2,150ml
"Fresh Whole Brussels Sprouts, 1 lb Bag",3.00,61.71,0.0486,0.2308,1,1 lb
"Nature Valley Protein Oats and Honey Granola, Family Size Pouch, 17 oz",3.00,61.71,0.0486,0.2308,3,17 oz
"Great Value Small Shells, 16 oz",3.00,61.71,0.0486,0.2308,2,16 oz
Entertainment Collection Crackers Variety Pack - 13.1oz - Good & Gather™,3.00,61.71,0.0486,0.2308,3,13.1oz
"Wonderful Pistachios No Shells Roasted & Salted Nuts, 12 Ounce Bag",3.00,61.71,0.0486,0.2308,3,12 Ounce
"Oikos Pro 20g Protein, Vanilla Yogurt-Cultured Ultra-Filtered Milk&nbsp;Product Cups, 5.3 oz, 4 Count",3.00,61.71,0.0486,0.2308,3,20g
"SUPERPRETZEL Bavarian Soft Pretzel Sticks, 24 oz, 10 Count (Frozen)",3.00,61.71,0.0486,0.2308,2,24 oz
"Marketside Organic Baby Arugula Salad, 5 oz Clam Shell (Fresh)",3.00,61.71,0.0486,0.2308,3,5 oz
"Kodiak Protein-Packed Honey Oat Protein Granola Bag, Ready to Eat, 11 oz",3.00,61.71,0.0486,0.2308,3,11 oz
"Perdue Harvestland, Free Range, Fresh Boneless Chicken Breasts, 1.3-1.9 lb. Tray",3.00,61.71,0.0486,0.2308,3,1.9 lb
"Eggland's Best Extra Large White Eggs, 18 Count",3.00,61.71,0.0486,0.2308,3,18 Count
"Honey Stinger Organic Gluten-Free Energy Gel, Fruit Smoothie, 1.1 oz, 1 Count",3.00,61.71,0.0486,0.2308,1,1.1 oz
LACROIX VTY,3.00,61.71,0.0486,0.2308,3,
TORRE ORIA,3.00,61.71,0.0486,0.2308,3,
"Dawn Platinum Powerwash Dish Spray, Dish Soap Refill - Fresh - 16oz: Multi-Surface",2.00,61.71,0.0324,0.0000,1,16oz
"Birds Eye Steamfresh Mixed Vegetables, Frozen Vegetables, 10 oz. Bag",2.00,61.71,0.0324,0.0000,1,10 oz
"Heinz HomeStyle Beef Gravy, 12 oz Jar",2.00,61.71,0.0324,0.0000,1,12 oz
"Fluffernutter Marshmallow Fluff, 7.5 oz",2.00,61.71,0.0324,0.0769,2,7.5 oz
"Reddi-wip Original Whipped Topping Made with Real Cream, 6.5 oz",2.00,61.71,0.0324,0.0000,2,6.5 oz
Muenster Deli Sliced Cheese - 8oz/12 slices - Good & Gather™,2.00,61.71,0.0324,0.0769,2,8oz
Santitas White Corn Tortilla Chips - 11oz,2.00,61.71,0.0324,0.0000,1,11oz
"Deer Park Spring Water - 32 Pack/16.9 FL Oz, Plastic Bottles",2.00,61.71,0.0324,0.0000,1,32 Pack
"Simply Potatoes Shredded Hash Browns, 20 oz Bag (Refrigerated)",2.00,61.71,0.0324,0.0769,2,20 oz
"(2 pack) Classico Tomato & Basil Spaghetti Pasta Sauce, 24 oz. Jar",2.00,61.71,0.0324,0.0000,2,2 pack
Pillsbury Grands! Southern Homestyle Buttermilk Biscuits - 16.3oz/8ct,2.00,61.71,0.0324,0.0000,1,16.3oz
"Teeny Tiny Lunch Bites Uncured Dry Sausage Nuggets, Cheddar Cheese, Milk",2.00,61.71,0.0324,0.0000,1,
"Smucker's Natural Strawberry Fruit Spread, 17.25 oz",2.00,61.71,0.0324,0.0000,2,17.25 oz
"Cantu Avocado Sulfate Free Conditioner, 13.5 oz",2.00,61.71,0.0324,0.0000,2,13.5 oz
Native Sensitive Facial Cleanser Unscented Sulfate-Free For All Skin Types 12 oz,2.00,61.71,0.0324,0.0000,2,12 oz
"Native Facial Moisturizer for Sensitive Skin with Aloe and Niacinamide, Unscented, 1.7 oz",2.00,61.71,0.0324,0.0000,2,1.7 oz
"Thomas' Cinnamon Raisin Swirl Bread, 16 oz, Cinnamon Bread, Bag",2.00,61.71,0.0324,0.0769,2,16 oz
"RITZ Whole Wheat Crackers, Snacks for Kids and Adults, Lunch Snacks, 12.9 oz",2.00,61.71,0.0324,0.0000,2,12.9 oz
"Fresh Strawberries, 2 lb, Container",2.00,61.71,0.0324,0.0000,2,2 lb
"Nature's Bakery Blueberry Fig Bars, 10 Twin packs, 2 oz Each",2.00,61.71,0.0324,0.0000,2,2 oz
"KIND Gluten Free Peanut Butter Dark Chocolate Snack Bars, Value Pack, 1.4 oz, 12 Count, Cardboard Box",2.00,61.71,0.0324,0.0000,2,1.4 oz
"Great Value Sloppy Joe Sauce, 15 oz",2.00,61.71,0.0324,0.0000,1,15 oz
"Fresh Mandarin Oranges, 3 lb Bag",2.00,61.71,0.0324,0.0769,2,3 lb
"Ivory Bar Soap, Original Scent, All Skin Types, 4 Count, 4 Ounces Each",2.00,61.71,0.0324,0.0000,2,4 Count
"Gatorade Thirst Quencher Cool Blue Sports Drinks, 12 fl oz, 12 Count Bottles",2.00,61.71,0.0324,0.0000,2,12 fl oz
"Method All-Purpose Cleaner, French Lavender, 28  fl oz",2.00,61.71,0.0324,0.0000,2,28  fl oz
Forceum HENA UHP All Season 205/45R16 87W Passenger Tire,2.00,61.71,0.0324,0.0000,2,
Crosswind All Season UHP All Season 205/45R16 87W XL Passenger Tire,2.00,61.71,0.0324,0.0000,2,
"Ozark Trail Kids Air Mattress, Indoor/Outdoor Air Bed, Blow up Mattress Without Pump",2.00,61.71,0.0324,0.0000,2,
"Russell Athletic Boy's Performance Mesh Shorts, 4-Pack, Sizes 4-18 & Husky",2.00,61.71,0.0324,0.0000,2,
"Great Value All-Purpose Enriched Flour, 2 lb Bag",2.00,61.71,0.0324,0.0000,2,2 lb
"Vermont Creamery Blueberry, Lemon & Thyme Goat Cheese Log, 4 oz",2.00,61.71,0.0324,0.0769,2,4 oz
"Great Value Sweet Cream Unsalted Butter, 16 oz, 4 Sticks",2.00,61.71,0.0324,0.0000,2,16 oz
"Pillsbury Cinnamon Rolls with Original Icing, Canned Pastry Dough, Value 2-Pack, 16 Rolls",2.00,61.71,0.0324,0.0000,1,
"Pace Chunky Medium Salsa, 16 oz Jar",2.00,61.71,0.0324,0.0000,2,16 oz
"Ore-Ida Extra Crispy Fast Food French Fries French Fried Frozen Potatoes Value Size, 4 lb Bag",2.00,61.71,0.0324,0.0000,2,4 lb
"Utz Kettle Classics Salt & Malt Vinegar Potato Chips, Gluten-Free, 7.5 oz",2.00,61.71,0.0324,0.0000,1,7.5 oz
"Great Value Fettuccine, 16 oz",2.00,61.71,0.0324,0.0000,1,16 oz
"Great Value Reduced Calorie Sugar Free Syrup, 24 fl oz",2.00,61.71,0.0324,0.0769,2,24 fl oz
"Ken's Steak House® Creamy Caesar Salad Dressing, Topping & Spread 24 fl oz",2.00,61.71,0.0324,0.0000,2,24 fl oz
"(4 pack) Old El Paso Mild Red Enchilada Sauce, 1 Ct., 10 oz.",2.00,61.71,0.0324,0.0000,2,4 pack
"Tyson Oven Roasted Diced Chicken Breast, 22 oz (Frozen, Fully Cooked)",2.00,61.71,0.0324,0.0000,2,22 oz
"Barilla Classic Non-GMO, Kosher Certified Farfalle Pasta, 16 oz",2.00,61.71,0.0324,0.0000,1,16 oz
Kraft Mexican Style Four Cheese Finely Shredded Natural Cheese 8oz Bag,2.00,61.71,0.0324,0.0000,1,8oz
Valvoline MaxLife High Mileage 5W-30 Synthetic Blend Motor Oil 5 Quart,2.00,61.71,0.0324,0.0000,1,
"Hillshire Snacking Protein Genoa Salami, White Cheddar Cheese, Toasted Rounds Meat Snack Kit, 2.76 oz (Refrigerated)",2.00,61.71,0.0324,0.0000,1,2.76 oz
"Honest Kids Organic Super Fruit Punch Juice, 6.75 fl oz, 8 Pouches",2.00,61.71,0.0324,0.0000,1,6.75 fl oz
"McCormick Pure Vanilla Extract, 2.0 fl oz Box",2.00,61.71,0.0324,0.0000,2,2.0 fl oz
"Stauffer's Original Animal Crackers, 24 oz Resealable Family Size Bear Jug, Low Fat Snack for Kids & Adults",2.00,61.71,0.0324,0.0000,2,24 oz
"Activia Probiotic Dailies Strawberry and Blueberry Low Fat Probiotic Yogurt Drinks, Helps Support Gut Health, 3.1 fl oz, 8 Count",2.00,61.71,0.0324,0.0000,2,3.1 fl oz
"Smucker’s Uncrustables Peanut Butter & Grape Jelly Sandwiches, 10 Count, 2 oz Each, Frozen",2.00,61.71,0.0324,0.0000,2,10 Count
"Ophanie 22.5 inch 2 Pack Wood Floating Shelves, Hanging Float Shelf for Wall Mounted Decorative Shelves, 6.7 x 23 Inch, Set of 2, Rustic Brown-",2.00,61.71,0.0324,0.0000,1,2 Pack
"Wonder Nation Toddler Cotton Long Sleeve Sleep Tee and Pants Pajama Set, 2-Piece, Sizes 12M-5T",2.00,61.71,0.0324,0.0000,2,
"Great Value Whole Wheat Penne, 16 oz",2.00,61.71,0.0324,0.0000,1,16 oz
"(2 pack) Sterilite Small Storage Bin, 28 Quart Clear Plastic Storage Container with Snap-On Lid, White",2.00,61.71,0.0324,0.0000,1,2 pack
"ZUNMOS 4 Drawer Fabric Dresser for Bedroom, Tall Chest of Drawer Organizer Storage Cabinet for Closet, Entryway, Grey",2.00,61.71,0.0324,0.0000,2,
"Great Value Organic Extra Virgin Olive Oil, 17 fl oz",2.00,61.71,0.0324,0.0769,2,17 fl oz
"Smucker's Seedless Strawberry Jam, 18 oz",2.00,61.71,0.0324,0.0000,2,18 oz
"Redi Shade No Tools Original Light Filtering Pleated Paper Shade Natural, 36 in x 72 in.",2.00,61.71,0.0324,0.0000,1,
"Smithfield Naturally Hickory Smoked Lower Sodium Sliced Bacon, Gluten-Free, 16 oz",2.00,61.71,0.0324,0.0000,2,16 oz
"Capri Sun Summer Blast Passion Fruit Mango Flavored Juice Drink Blend, from Concentrate with Other Natural Flavor, 10 ct Box, 6 fl oz Pouches, Liquids",2.00,61.71,0.0324,0.0000,1,10 ct
"Great Value Waffle Cut French Fried Potatoes, 24 oz (Frozen)",2.00,61.71,0.0324,0.0000,2,24 oz
"Heinz Sweet Relish, 12.7 oz Bottle",2.00,61.71,0.0324,0.0000,2,12.7 oz
"Great Value Yellow Mustard, 20 oz Squeeze Bottle",2.00,61.71,0.0324,0.0000,2,20 oz
"Stacy’s No Artificial Colors or Flavors Sea Salt Pita Chips Bag, 7.33 oz​",2.00,61.71,0.0324,0.0769,2,7.33 oz
"Classico Four Cheese Spaghetti Pasta Sauce Value Size, 44 oz Jar",2.00,61.71,0.0324,0.0000,2,44 oz
"SheaMoisture Strengthening Scalp Oil & Hair Oil Rosemary & Vegan Collagen, 2 oz",2.00,61.71,0.0324,0.0769,2,2 oz
"Great Value Smoked Turkey Breast Lunchmeat, 16 oz, Plastic Tub, Refrigerated",2.00,61.71,0.0324,0.0000,2,16 oz
"Fresh Whole Green Broccoli Crowns, 1 Each",2.00,61.71,0.0324,0.0000,1,1 Each
"Garlic Bulb Fresh Whole, Each",2.00,61.71,0.0324,0.0769,2,
"Heinz Sweet Relish, 26 oz Bottle",2.00,61.71,0.0324,0.0000,2,26 oz
"Planet Oat Extra Creamy Original Oat Milk, 52 oz",2.00,61.71,0.0324,0.0769,2,52 oz
"Great Value Original Whipped Cream Cheese Spread, 8 oz Cup",2.00,61.71,0.0324,0.0000,1,8 oz
"Swiss Miss Milk Chocolate Flavored Hot Cocoa Mix, 38.27 oz. Canister",2.00,61.71,0.0324,0.0769,2,38.27 oz
"Little Debbie Chocolate Christmas Tree Cakes, 8.25 oz, 5 Count",2.00,61.71,0.0324,0.0000,1,8.25 oz
"Betty Crocker Snickerdoodle Cookies, Cookie Baking Mix, 17.9 oz",2.00,61.71,0.0324,0.0000,1,17.9 oz
"Great Value Heavy Whipping Cream, 16 oz Carton",2.00,61.71,0.0324,0.0769,2,16 oz
"Great Value Organic Bay Leaves, 0.15 oz",2.00,61.71,0.0324,0.0769,2,0.15 oz
"Pillsbury Premade Refrigerated Pie Crust, Two Pie Crusts, 14.1 oz",2.00,61.71,0.0324,0.0000,1,14.1 oz
"Great Value Canned Cream Style Sweet Corn, 14.75 oz Aluminum Can",2.00,61.71,0.0324,0.0000,2,14.75 oz
"French's Non-GMO Kosher Original Crispy Fried Onions, 6.0 oz Can",2.00,61.71,0.0324,0.0000,1,6.0 oz
"EZ Foil Disposable Casserole Pans, 11.75 x 9.25 in., 2 Count",2.00,61.71,0.0324,0.0000,1,11.75 x 9
"Bluey Toddler Boys Holiday Thermal Henley Shirt with Long Sleeves, Sizes 12M-5T",2.00,61.71,0.0324,0.0000,2,
"Chuck Roast, Choice Angus Beef, Tray, Fresh, 2.25 - 3.38 lb",2.00,61.71,0.0324,0.1538,2,3.38 lb
"Fresh Organic Honeycrisp Apples, 2 lb Pouch",2.00,61.71,0.0324,0.1538,2,2 lb
"Gatorade Sports Drink, Fruit Punch/Glacier Cherry/Cool Blue Variety Pack, 12 fl oz, 18 Count Bottles",2.00,61.71,0.0324,0.1538,2,12 fl oz
"Quaker Original Quick 5-Minute Grits, Shelf-Stable, 24 Oz Canister",2.00,61.71,0.0324,0.1538,1,24 Oz
"Vita Coco The Original Coconut Water, Nutrients & Electrolytes Rich, Pure, 16.9 fl oz Tetra",2.00,61.71,0.0324,0.1538,1,16.9 fl oz
"Cool Whip Original Whipped Topping, 8 oz Tub",2.00,61.71,0.0324,0.1538,2,8 oz
"Great Value Confectioners Powdered Sugar, 32 oz",2.00,61.71,0.0324,0.1538,1,32 oz
"Great Value Coconut Milk, 13.5 fl oz, Can",2.00,61.71,0.0324,0.1538,1,13.5 fl oz
"Dr Teal's Epsom Salt Magnesium Soak, Relax & Relief with Eucalyptus & Spearmint, 3 lbs",2.00,61.71,0.0324,0.1538,2,3 lbs
"BelGioioso Fresh Mozzarella Log, Pre-Sliced Specialty Cheese, 16 oz Refrigerated Plastic Packet",2.00,61.71,0.0324,0.1538,1,16 oz
"Sprite Lemon Lime Soda Pop, 2 Liter Bottle",2.00,61.71,0.0324,0.1538,1,
"Fresh Red Baby Potatoes, 1.5 lb Bag",2.00,61.71,0.0324,0.1538,2,1.5 lb
Cabot Creamery Colby Jack Cheddar Cheese Block 8 oz (Refrigerated),2.00,61.71,0.0324,0.1538,1,8 oz
"Velveeta Original Pasteurized Recipe Cheese Product, 16 oz Block",2.00,61.71,0.0324,0.1538,2,16 oz
Cranberry Jalapeno Dip - 10oz - Good & Gather™,2.00,61.71,0.0324,0.1538,2,10oz
"Hidden Valley Original Ranch Dipping Sauce Salad Dressing and Topping, 20 fl oz Easy Squeeze Bottle",2.00,61.71,0.0324,0.1538,2,20 fl oz
"Frank's RedHot Kosher Original Cayenne Pepper Hot Sauce, 23.0 fl oz Bottle",2.00,61.71,0.0324,0.1538,2,23.0 fl oz
Sweet Loren's Gluten Free Vegan Fudgy Brownie Cookie Dough - 12oz/12ct,2.00,61.71,0.0324,0.1538,1,12oz
MAGIC SPOON S'Mores Protein Bar Treat - 12g Protein - 5.6oz/4ct,2.00,61.71,0.0324,0.1538,2,12g
"WHOLLY GUACAMOLE Minis Paste, Classic, 12oz, 6 Pack",2.00,61.71,0.0324,0.1538,2,12oz
"Genoa Salami, Pepper Jack Cheese, Dried Mango, Dark Chocolate Chunks - 3oz Good & Gather™",2.00,61.71,0.0324,0.1538,1,3oz
Chopped Caesar Salad Kit - 11.15oz - Good & Gather™,2.00,61.71,0.0324,0.1538,1,11.15oz
Chobani 30G Protein Low-Fat Greek Yogurt Drink Strawberries & Cream 14 fl oz Bottle,2.00,61.71,0.0324,0.1538,1,30G
"Pillsbury Grands! Cinnamon Rolls, with Cinnabon Cinnamon and Original Icing, 5 Count, 17.5 oz",2.00,61.71,0.0324,0.1538,1,5 Count
"Swanson White Premium Chunk Canned Chicken Breast in Water, 12.5 oz Can",2.00,61.71,0.0324,0.1538,1,12.5 oz
"Great Value Canned Pineapple Tidbits, 20 oz",2.00,61.71,0.0324,0.1538,2,20 oz
"Goya Artichoke Hearts, 6 oz",2.00,61.71,0.0324,0.1538,2,6 oz
Montchevre® Original Crumbled Refrigerated Goat Cheese Plastic Cup 4 oz,2.00,61.71,0.0324,0.1538,1,4 oz
"Crest Pro‑Health Advanced Fluoride Mouthwash, Alcohol‑Free Mouth Rinse for Whitening, Energizing Mint, 32 fl oz",2.00,61.71,0.0324,0.1538,1,32 fl oz
"Pillsbury Creamy Supreme Chocolate Fudge Flavored Frosting, 16 oz Tub",2.00,61.71,0.0324,0.1538,1,16 oz
"Great Value Dried Philippine Mango, 6 oz",2.00,61.71,0.0324,0.1538,2,6 oz
"Pacific Foods Organic Roasted Red Pepper and Tomato Soup, 32 oz Carton",2.00,61.71,0.0324,0.1538,1,32 oz
Low Sodium Black Beans - 15.5oz - Good & Gather™,2.00,61.71,0.0324,0.1538,1,15.5oz
Pacific Foods Organic Gluten Free Creamy Tomato Soup - 32oz,2.00,61.71,0.0324,0.1538,1,32oz
"Dr Teal's Pure Epsom Salt Soak, Therapeutic, Fragrance Free, 6 lbs",2.00,61.71,0.0324,0.1538,1,6 lbs
BFGUMMYBEARS,2.00,61.71,0.0324,0.1538,2,
"Daisy Pure and Natural Sour Cream, 24 oz (1.5 lb) Tub (Refrigerated)",1.00,61.71,0.0162,0.0000,1,24 oz
"Oatly Original Oatmilk, Dairy-Free Milk, 64 fl oz Refrigerated Carton",1.00,61.71,0.0162,0.0000,1,64 fl oz
"Great Value Hard Boiled Eggs, 9.31 oz, 6 Count",1.00,61.71,0.0162,0.0000,1,9.31 oz
Hardwood Smoked Classic Sliced Cut Bacon - 16oz - Market Pantry™,1.00,61.71,0.0162,0.0000,1,16oz
Dr Teal's Epsom Salt Magnesium Soak - Relax & Relief with Eucalyptus & Spearmint 3lbs,1.00,61.71,0.0162,0.0000,1,3lbs
"Great Value Pre-Sliced Cinnamon Raisin Bread, 16 oz",1.00,61.71,0.0162,0.0000,1,16 oz
"Great Value Frozen Broccoli Florets, 32 oz Bag",1.00,61.71,0.0162,0.0000,1,32 oz
Marshmallow Whipped Dairy Topping - 13oz - Favorite Day™,1.00,61.71,0.0162,0.0000,1,13oz
Fresh Honeycrisp Apples - 3lb Bag - Good & Gather™,1.00,61.71,0.0162,0.0000,1,3lb
Applegate Natural Prosciutto - 3oz,1.00,61.71,0.0162,0.0000,1,3oz
Peppermint Whipped Dairy Topping - 13oz - Favorite Day™,1.00,61.71,0.0162,0.0000,1,13oz
Holiday Hot Cocoa Whipped Dairy Topping - 13oz - Favorite Day™,1.00,61.71,0.0162,0.0000,1,13oz
Starbucks Peppermint Hot Cocoa Mix - 6oz/6ct,1.00,61.71,0.0162,0.0000,1,6oz
Ghirardelli Christmas Candy Peppermint Bark Milk Chocolate Squares - 4.57oz,1.00,61.71,0.0162,0.0000,1,4.57oz
"Great Value Waffles Cones, 7 oz, 12 Count",1.00,61.71,0.0162,0.0000,1,7 oz
"Fresh Whole Red Onion, Each",1.00,61.71,0.0162,0.0000,1,
"Great Value Cookies & Cream Ice Cream, 48 fl oz",1.00,61.71,0.0162,0.0000,1,48 fl oz
"Great Value Vanilla Bean Flavored Ice Cream, 48 fl oz",1.00,61.71,0.0162,0.0000,1,48 fl oz
"Great Value Chocolate Chip Cookie Dough Ice Cream, 48 fl oz",1.00,61.71,0.0162,0.0000,1,48 fl oz
"Ball Park White Burger Buns, 8 count, Kosher Hamburger Buns, 15 oz Bag",1.00,61.71,0.0162,0.0000,1,8 count
"Hershey's Chocolate Syrup, Bottle 24 oz",1.00,61.71,0.0162,0.0000,1,24 oz
"Hershey's Caramel Flavored Syrup, Bottle 22 oz",1.00,61.71,0.0162,0.0000,1,22 oz
"Marketside Fresh Shredded Iceberg Lettuce, 8 oz, Bag",1.00,61.71,0.0162,0.0000,1,8 oz
"Old El Paso Stand 'N Stuff Taco Shells, Gluten Free, Meal Prep, 10 Count, 4.7 oz",1.00,61.71,0.0162,0.0000,1,10 Count
PopCorners White Cheddar - 12oz,1.00,61.71,0.0162,0.0000,1,12oz
Tazo Chai Pumpkin Spice Latte Tea Concentrate - 32 fl oz,1.00,61.71,0.0162,0.0000,1,32 fl oz
Toddler Boys' Fleece Zip-Up Hoodie Sweatshirt - Cat & Jack™ Khaki 5T,1.00,61.71,0.0162,0.0000,1,
Toddler Boys' Long Sleeve Knit T-Shirt - Cat & Jack™ Brown 5T,1.00,61.71,0.0162,0.0000,1,
Whipped Plain Cream Cheese Spread - 8oz - Good & Gather™,1.00,61.71,0.0162,0.0000,1,8oz
Kinder's Buttery Steakhouse Seasoning - 5.5oz,1.00,61.71,0.0162,0.0000,1,5.5oz
Salt Free Garlic & Herb Seasoning Blend - 2.5oz - Good & Gather™,1.00,61.71,0.0162,0.0000,1,2.5oz
Hardwood Smoked Thick Cut Bacon - 16oz - Market Pantry™,1.00,61.71,0.0162,0.0000,1,16oz
Shredded Sharp Cheddar Cheese - 8oz - Good & Gather™,1.00,61.71,0.0162,0.0000,1,8oz
"Great Value Honey, 12 oz Plastic Bear",1.00,61.71,0.0162,0.0000,1,12 oz
"Lipton Recipe Secrets Onion Dry Recipe Soup and Dip Mix, 2 Oz, 2 Pack",1.00,61.71,0.0162,0.0000,1,2 Oz
"Red Lobster Cheddar Bay Biscuit Mix, Garlic Herb Seasoning Included, Cheddar Biscuit Mix, 11.36 Oz Box",1.00,61.71,0.0162,0.0000,1,11.36 Oz
"Organic Marketside Fresh Baby Peeled Carrots, 1 lb Bag",1.00,61.71,0.0162,0.0000,1,1 lb
Shredded Mexican-Style Cheese - 16oz - Good & Gather™,1.00,61.71,0.0162,0.0000,1,16oz
Queso Mama White Queso with Diced Green Chilies - 12oz,1.00,61.71,0.0162,0.0000,1,12oz
Halloween Color Your Own Table Cover - Spritz™,1.00,61.71,0.0162,0.0000,1,
Jimmy Dean Regular Pork Sausage Roll - 16oz,1.00,61.71,0.0162,0.0000,1,16oz
Frozen Sunbutter No Crust Sandwich Strawberry - 4ct - Good & Gather™,1.00,61.71,0.0162,0.0000,1,4ct
Chinet Comfort Cup - 18ct/16oz,1.00,61.71,0.0162,0.0000,1,18ct
"Vicks DayQuil NyQuil Severe Cough, Cold & Flu Relief LiquiCaps, 24 Ct",1.00,61.71,0.0162,0.0000,1,24 Ct
"Dole Pineapple Tidbits in 100% Fruit Juice, 20 oz Can",1.00,61.71,0.0162,0.0000,1,20 oz
"Great Value Tomato Sauce, 8 oz Can",1.00,61.71,0.0162,0.0000,1,8 oz
"Stouffer's Macaroni & Cheese, Party Size, Frozen Mac and Cheese Meal, 76 oz (Frozen)",1.00,61.71,0.0162,0.0000,1,76 oz
"Glad ForceFlex MaxStrength Tall Kitchen Drawstring Trash Bags, 13 Gallon, Odorshield, 20 Count",1.00,61.71,0.0162,0.0000,1,13 Gallon
"Great Value Oven Roasted Turkey Breast Lunchmeat, 9 oz",1.00,61.71,0.0162,0.0000,1,9 oz
"Sheamoisture Even Tone Antiperspirant Deodorant Stick for Women Citrus Peach & Grapefruit Dry Skin, 2.6 oz",1.00,61.71,0.0162,0.0000,1,2.6 oz
"Pepperidge Farm Farmhouse Brioche Bread, 22 oz Loaf",1.00,61.71,0.0162,0.0000,1,22 oz
"Children's Motrin Ibuprofen Kids Medicine, Berry Flavored, 4 fl. oz",1.00,61.71,0.0162,0.0000,1,
"Mucinex Nightshift Sinus Medicine, OTC Fever Reducer, Cough Suppressant, Nasal Decongestant, 6 fl oz",1.00,61.71,0.0162,0.0000,1,6 fl oz
"Mucinex Fast-Max Kickstart Severe Cold and Flu Medicine, OTC Cough Relief, Menthol Flavor, 6 fl oz",1.00,61.71,0.0162,0.0000,1,6 fl oz
"Emergen-C Immune+ Gummies Vitamin C Supplement for Immune Support, Super Orange, 45 Ct",1.00,61.71,0.0162,0.0000,1,45 Ct
"Vicks Vapo Shower Tablets, Menthol Scent Soothing Non-Medicated Shower Steamers, 3 Count",1.00,61.71,0.0162,0.0000,1,3 Count
ASP Cough & ST Adult FizzyChews 16CT,1.00,61.71,0.0162,0.0000,1,16CT
"Mucinex Fast-Max Cold, Flu, & Sore Throat Relief Medicine, OTC Cough Suppressant, Expectorant, 6 fl oz",1.00,61.71,0.0162,0.0000,1,6 fl oz
"RITZ Peanut Butter Sandwich Crackers, Lunch Snacks, 20 Snack Packs (6 Crackers Per Pack)",1.00,61.71,0.0162,0.0000,1,
"Vicks Warm Steam Vaporizer Humidifier with Night Light, 1.5 gal, 600 Sq. ft, White, V150SGNLUPCV2",1.00,61.71,0.0162,0.0000,1,1.5 gal
"Pepperidge Farm Sesame Topped Hamburger Buns, 8-Pack Bag",1.00,61.71,0.0162,0.0000,1,
"FARMHOUSE EGGS, Cage Free Large Brown Eggs, 18 Count",1.00,61.71,0.0162,0.0000,1,18 Count
"Great Value Roasted & Salted Pistachios, 16 oz Resealable Bag",1.00,61.71,0.0162,0.0000,1,16 oz
"Dawn Powerwash Spray, Dish Soap, Dishwashing Liquid, Fresh, 1 Starter Kit, 16 Fl Oz",1.00,61.71,0.0162,0.0000,1,16 Fl Oz
"Crest Toothpaste, 3D White Advanced Teeth Whitening Toothpaste, Radiant Mint, 2.4 oz",1.00,61.71,0.0162,0.0000,1,2.4 oz
"SoCozy Kid's Swim 3-in-1 Shampoo Conditioner Body Wash for All Hair Types, with Activated Charcoal, 10.5 fl oz",1.00,61.71,0.0162,0.0000,1,10.5 fl oz
"Venus Extra Smooth Sensitive Women's 5 Blade Disposable Razor, 2 count, Blue",1.00,61.71,0.0162,0.0000,1,2 count
"Native Coconut & Vanilla Body Wash, 18 fl oz",1.00,61.71,0.0162,0.0000,1,18 fl oz
"Allegra Adult 24-Hour Allergy Relief Gelcaps, Non-Drowsy Allergy Medicine, 180 mg Pill, 24 Count",1.00,61.71,0.0162,0.0000,1,24 Count
"Allegra Children's 12-Hour Allergy Relief Liquid, Non-Drowsy Indoor and Outdoor Allergy Medicine, 30 mg Fexofenadine HCI Antihistamine For Kids, Berry Flavor, 4 oz.",1.00,61.71,0.0162,0.0000,1,4 oz
"Colgate 360 Whole Mouth Clean Adult Manual Toothbrush, Medium, 5 Pack",1.00,61.71,0.0162,0.0000,1,5 Pack
"Schick Hydro Silk Ultra-Sensitive 5 Blade Razor for Women, 1 Handle, 2 Refills",1.00,61.71,0.0162,0.0000,1,
"Colgate Extra Clean Full Head Adult Manual Toothbrush, Soft, 4 Pack",1.00,61.71,0.0162,0.0000,1,4 Pack
Farberware Professional Old Fashion Ice Cream Scoop in Black,1.00,61.71,0.0162,0.0000,1,
"Keebler Waffle Ice Cream Cones, 5 oz, 12 ct",1.00,61.71,0.0162,0.0000,1,5 oz
Turkey Hill Chocolate Chip Cookie Dough Ice Cream 46 fl oz Tub,1.00,61.71,0.0162,0.0000,1,46 fl oz
"Turkey Hill Choco Mint Chip Premium Ice Cream, 46 fl oz",1.00,61.71,0.0162,0.0000,1,46 fl oz
"Blue Bunny Soft Cookies and Cream Premium Frozen Dessert, 46 fl oz",1.00,61.71,0.0162,0.0000,1,46 fl oz
"(3 pack) Plum Organics Jammy Sammy Snack Bars, Blueberry and Oatmeal, 1.02 oz Bars, 5 Count",1.00,61.71,0.0162,0.0000,1,3 pack
"Great Value Easter Bunny Multi-Color Sprinkles, 2.82 oz",1.00,61.71,0.0162,0.0000,1,2.82 oz
"Meow Mix Gravy Bursts Gravy Filled Pieces Savory Chicken Flavors, Dry Cat Food, 13.5 lb. Bag",1.00,61.71,0.0162,0.0000,1,13.5 lb
"Gillette Satin Care Ultra Sensitive Women's Shaving Gel Twin Pack, Fragrance-Free, 14 oz",1.00,61.71,0.0162,0.0000,1,14 oz
"Scott 1000 Toilet Paper, 20 Rolls, 1,000 Sheets Per Roll",1.00,61.71,0.0162,0.0000,1,
"Dave's Killer Bread Thin-Sliced Good Seed Organic Bread 20.5 oz, Shelf-Stable",1.00,61.71,0.0162,0.0000,1,20.5 oz
Sleek Scalp Massage Brush,1.00,61.71,0.0162,0.0000,1,
"DiGiorno Frozen Pizza, Rising Crust Ultimate Pepperoni with Cheese, 24.7 oz (Frozen)",1.00,61.71,0.0162,0.0000,1,24.7 oz
Dave's Killer Bread® Thin Sliced 21 Whole Grains and Seeds Organic Bread 20.5 oz. Loaf,1.00,61.71,0.0162,0.0000,1,20.5 oz
Weiman Granite Cleaner & Polish - 16 Ounce,1.00,61.71,0.0162,0.0000,1,16 Ounce
"Nature’s Miracle Dog Urine Remover Enzymatic Formula, for Carpet, Hard Floors, Fabric and Furniture, 24 oz.",1.00,61.71,0.0162,0.0000,1,24 oz
"Combat Max Large Roach Killing Bait Stations, Child-resistant, 8 Count",1.00,61.71,0.0162,0.0000,1,8 Count
"Great Value Kosher Spears Dill Pickle Fresh Pack, 24 fl oz Jar",1.00,61.71,0.0162,0.0000,1,24 fl oz
"Stacy’s No Artificial Colors or Flavors Sea Salt Bagel Chips Bag, 7 oz​",1.00,61.71,0.0162,0.0000,1,7 oz
"Duke's Mayonnaise, Light Mayo - 18 oz Squeeze",1.00,61.71,0.0162,0.0000,1,18 oz
"(2 pack) Capri Sun Fruit Punch Juice Box Pouches, 10 ct Box, 6 fl oz Pouches",1.00,61.71,0.0162,0.0000,1,2 pack
"Great Value Fresh Frozen Broccoli Cuts, 32 oz Steamable Bag",1.00,61.71,0.0162,0.0000,1,32 oz
"Great Value Garlic Bread Sticks, 10.5 oz (Frozen)",1.00,61.71,0.0162,0.0000,1,10.5 oz
Cabot Creamery Lowfat Plain Greek Yogurt 2 lb (Refrigerated Tub),1.00,61.71,0.0162,0.0000,1,2 lb
"Swiffer Heavy Duty Mop Wet Multi-Surface Cloth Refills for Floor Mopping, Lavender, 20 Count",1.00,61.71,0.0162,0.0000,1,20 Count
"AIRFIRE H14 HEPA Air Purifiers for Home up to 2215 Sq.ft, Air Purifier for Allergies and Asthma, Pollen, Wildfire/Smoke, Pet Dander & Odor, Dust, AP304, White",1.00,61.71,0.0162,0.0000,1,
"Soundcore AeroClip Open-Ear Earbuds, Midnight Black, Retail Packaging",1.00,61.71,0.0162,0.0000,1,
"LaCroix Black Razzberry Sparkling Water 8pk/12 fl oz Cans, 8 Pack (Quantity)",1.00,61.71,0.0162,0.0000,1,8pk
"Olay Firming Body Lotion, Hydrating, Collagen, Pump 17 fl oz",1.00,61.71,0.0162,0.0000,1,17 fl oz
"SheaMoisture Whole Body Deodorant Stick for Women Fresh, Aluminum Free & No Baking Soda, 2.6 oz",1.00,61.71,0.0162,0.0000,1,2.6 oz
"Ortho GroundClear Poison Ivy and Tough Brush Killer2 Concentrate, 32 fl. oz.",1.00,61.71,0.0162,0.0000,1,
Hyper Tough 4.6-Amp 13in Electric String Trimmer HT21-401-002-04 [New],1.00,61.71,0.0162,0.0000,1,
"Dove Advanced Care Antiperspirant Deodorant Stick Caring Coconut, 2.6 oz",1.00,61.71,0.0162,0.0000,1,2.6 oz
"Olay Nourishing Body Wash for women, Hyaluronic Acid, 20 fl oz",1.00,61.71,0.0162,0.0000,1,20 fl oz
"COLUMBUS, Peppered Salami, Sliced Charcuterie Meat, 10oz Pack",1.00,61.71,0.0162,0.0000,1,10oz
"Honest Kids Organic Appley Ever After Fruit Juice, 6 fl oz, 8 Juice Boxes",1.00,61.71,0.0162,0.0000,1,6 fl oz
"(5 pack) Lunchables Ham and Cheddar Cracker Stackers Value Snack Kit, 1.9 oz Tray, Refrigerated, Pieces",1.00,61.71,0.0162,0.0000,1,5 pack
"FRAM Extra Guard Oil Filter, CH9713, 10K mile Filter for Dodge, Fiat and Jeep Vehicles Fits select: 2012-2019 FIAT 500, 2013-2016 DODGE DART",1.00,61.71,0.0162,0.0000,1,
"AirTechnik CF11924 Cabin Air Filter w/Activated Carbon  Fits Fiat 500 2013-2019, Argo 21-24, Fastback 24-25, Pulse 23-25, Mobi 17-22, Uno 13-20, Ram 700 21-24, Pro Master Rapid 17-24 - 68096453AA",1.00,61.71,0.0162,0.0000,1,
"FRAM Extra Guard Oil Filter, PH4967, 10K Miles, Replacement Oil Filter Fits Select Vehicles",1.00,61.71,0.0162,0.0000,1,
"Lunchables Turkey & Cheddar Value Pack, 1.9 oz Pack",1.00,61.71,0.0162,0.0000,1,1.9 oz
"Convenience Kits International, Women's Deluxe 11 PC Travel Kit Featuring: Pantene Shampoo and Conditioner",1.00,61.71,0.0162,0.0000,1,
"Sargento® Balanced Breaks® Cheese & Crackers, Gouda & Sharp Cheddar Cheeses and TRISCUIT®",1.00,61.71,0.0162,0.0000,1,
"Russell Athletic Boys Runner Tech Short Sleeve T-Shirt, 4-Pack, Sizes 4-18 & Husky",1.00,61.71,0.0162,0.0000,1,
"4Monster Microfiber Towel with Carry Case, Quick Dry Towel, Armygreen, M",1.00,61.71,0.0162,0.0000,1,
"Smucker’s Uncrustables Peanut Butter & Strawberry Jam Sandwiches, 10 Count, 2 oz Each, Frozen",1.00,61.71,0.0162,0.0000,1,10 Count
"Drumstick Crushed It Cookies and Cream Sundae Cones, Kosher, 8 Count",1.00,61.71,0.0162,0.0000,1,8 Count
"Great Value Marshmallows, 10 oz Bag",1.00,61.71,0.0162,0.0000,1,10 oz
"Premium Original Soup & Oyster Crackers, Lunch Snacks, 9 oz",1.00,61.71,0.0162,0.0000,1,9 oz
"Great Value Vegetable Oil, Heart Healthy and Versatile, 48 fl oz Bottle",1.00,61.71,0.0162,0.0000,1,48 fl oz
"Great Value Semi-Sweet Chocolate Baking Chips, 12 oz Bag",1.00,61.71,0.0162,0.0000,1,12 oz
"Purina ONE Plus, Sensitive Skin & Stomach, Dry Cat Food, Turkey, 7 lb Bag",1.00,61.71,0.0162,0.0000,1,7 lb
"Midol Complete Menstrual Pain Relief Gelcaps With Acetaminophen for Menstrual Symptom, PMS Relief, and Period Cramp Relief - 24 Count",1.00,61.71,0.0162,0.0000,1,24 Count
"Ice Breakers Ice Cubes Wintergreen Sugar Free Chewing Gum, Bottle 3.24 oz, 40 Pieces",1.00,61.71,0.0162,0.0000,1,3.24 oz
"Cheetos Crunchy Cheese Flavored Snack Chips, 8.5 oz Bag",1.00,61.71,0.0162,0.0000,1,8.5 oz
"OREO Double Stuf Chocolate Sandwich Cookies, Family Size, 18.71 oz",1.00,61.71,0.0162,0.0000,1,18.71 oz
"Parent's Choice 3 Compartment Section Plate, Toddlers Aged 12 Months and up, 3 Count, Gender Neutral",1.00,61.71,0.0162,0.0000,1,3 Count
"Rolo Unwrapped Rich Chocolate Caramels Candy, Bag 7.6 oz",1.00,61.71,0.0162,0.0000,1,7.6 oz
"Trolli Sour Brite Crawlers Candy, Cherry-Lemon, Strawberry-Grape & Orange-Lime, Sweet and Sour, Gummy Worms, 14 oz",1.00,61.71,0.0162,0.0000,1,14 oz
M&M's Milk Chocolate Candy Sharing Size - 10 oz Bag,1.00,61.71,0.0162,0.0000,1,10 oz
"Wonder Nation Toddler Cotton Sleep Tee and Pants Pajama Set, 2-Piece, Sizes 12M-5T",1.00,61.71,0.0162,0.0000,1,
Mr. Clean Magic Eraser Extra Durable All Purpose Cleaning Pads with Durafoam 7 Count,1.00,61.71,0.0162,0.0000,1,7 Count
"Filtrete 14x30x1 HVAC Furnace Air Filter, MPR 1500 MERV 12, Allergen, Bacteria and Virus, 1 Filter",1.00,61.71,0.0162,0.0000,1,30x1
"(3 pack) Sterilite, 15 Quart Clear Storage Bin, Latch Box Storage Container, with Clear Lid, Blue",1.00,61.71,0.0162,0.0000,1,3 pack
"Purina One True Instinct Dry Dog Food for Adult Dogs, High Protein Real Turkey & Venison, 7.4 lb Bag",1.00,61.71,0.0162,0.0000,1,7.4 lb
"Sterilite Large Latching Storage Bin, 66 Quart Clear Plastic Storage Container with Latch Lid, Blue",1.00,61.71,0.0162,0.0000,1,
"Pen+Gear Letter Size Hanging File Folders, 12 Count, Green",1.00,61.71,0.0162,0.0000,1,12 Count
Mainstays – 8x10 Picture Frame – White Matted Gallery Linear Program Wall Photo Frame,1.00,61.71,0.0162,0.0000,1,8x10
"Pen+Gear Push Pins in Clamshell, Clear Plastic Head, Steel Point, 100 Count.",1.00,61.71,0.0162,0.0000,1,100 Count
"Ktaxon Twin Size Bed Frames, 14"" Metal Platform Bed, Black",1.00,61.71,0.0162,0.0000,1,
(2 pack) Cantu Shea Butter for Natural Hair Complete Conditioning Co-Wash 10 oz,1.00,61.71,0.0162,0.0000,1,2 pack
"AllerEase Ultimate Cotton Pillow Cover Protector, King- Zippered, Temperature Balancing",1.00,61.71,0.0162,0.0000,1,
"Ophanie Adhesive Shower Caddy 6 Pack, Large Capacity Bathroom Organizers and Storage, No Drilling Wall-Mounted Basket, Black",1.00,61.71,0.0162,0.0000,1,6 Pack
"Great Value Fresh Seal Double Zipper Sandwich Bags, 100 Count",1.00,61.71,0.0162,0.0000,1,100 Count
"Safety 1st Custom Fit All Purpose Strap (2pk), Decor, Charcoal, Toddler",1.00,61.71,0.0162,0.0000,1,2pk
"Cantu Weightless Smoothing Shampoo, 13.5 fl.oz.",1.00,61.71,0.0162,0.0000,1,
"Mainstays 2 Ply Manual Can Opener with Integrated Bottle Opener, Black",1.00,61.71,0.0162,0.0000,1,
Wet Brush Mini Detangler Stellar Skies -Violet Skies,1.00,61.71,0.0162,0.0000,1,
"Goody Ouchless Mini Poly Band Hair Ties, No Metal Gentle Hair Elastics, Clear, 250 Ct",1.00,61.71,0.0162,0.0000,1,250 Ct
"Cantu Care for Kids Paraben & Sulfate-Free Conditioning Detangling Spray, 6 fl oz",1.00,61.71,0.0162,0.0000,1,6 fl oz
"Goody Sport Active Elastic Hair Ties, Assorted Colors, 8 ct",1.00,61.71,0.0162,0.0000,1,8 ct
"Cantu Sulfate-Free Hydrating Cream Conditioner, 25 fl oz",1.00,61.71,0.0162,0.0000,1,25 fl oz
"Goody Ouchless Hair Elastics, No Metal Gentle Hair Ties, Blonde, 30 Ct",1.00,61.71,0.0162,0.0000,1,30 Ct
"Dr. Scholl's Blister Pain Relief Complete Kit with Lidocaine, 8 Count",1.00,61.71,0.0162,0.0000,1,8 Count
"Cascade Complete Dishwasher Detergent Liquid Gel, Dish Detergent, Dish Soap, Fresh, 120 fl oz",1.00,61.71,0.0162,0.0000,1,120 fl oz
902 Ink Cartridges Compatible for HP 902XL Ink Cartridges (4-Pack),1.00,61.71,0.0162,0.0000,1,
"Logitech Wireless Presenter R400, Wireless Presentation Remote Clicker with Laser Pointer, Black",1.00,61.71,0.0162,0.0000,1,
"Mucinex Fast-Max Severe Congestion & Cough Medicine, OTC Sinus/Nasal Decongestant, Expectorant, 6 fl oz",1.00,61.71,0.0162,0.0000,1,6 fl oz
"Mucinex,Children's Night Time, Multi-Symptom Cold Relief, Mixed Berry Flavor, 4fl oz, Plastic Bottle",1.00,61.71,0.0162,0.0000,1,4fl oz
"Mucinex Children's Stuffy Nose & Chest Congestion Relief, Kids Medicine, Very Berry Flavor, 4 fl oz",1.00,61.71,0.0162,0.0000,1,4 fl oz
"TPH BY TARAJI Cooling Curly Hair Serum with Aloe Vera, Biotin, Tea Tree & Avocado Oil, 4 oz.",1.00,61.71,0.0162,0.0000,1,4 oz
"Del Monte Fresh Cut Green Beans, Canned Vegetables, 14.5 oz Can (Pack of 4)",1.00,61.71,0.0162,0.0000,1,14.5 oz
"Great Value Individually Plastic Wrapped Singles American Cheese Product, 16 oz, 24 Slices",1.00,61.71,0.0162,0.0000,1,16 oz
"Great Value Extra Sharp Cheddar Shredded Cheese, 16 oz Bag",1.00,61.71,0.0162,0.0000,1,16 oz
"Sheamoisture Fresh Antiperspirant Deodorant Stick for Women Coconut & Hibiscus, 2.6 oz",1.00,61.71,0.0162,0.0000,1,2.6 oz
"Kraft String Cheese Mozzarella Cheese Snacks, 12 ct Sticks",1.00,61.71,0.0162,0.0000,1,12 ct
Native Limited Edition Vanilla Cream & Pumpkin Body Wash 18 FL OZ,1.00,61.71,0.0162,0.0000,1,18 FL OZ
"Aspercreme Max Strength Topical Numbing Pain Reliever for Nerve Pain Relief, 4% Lidocaine, Odor Free, 4.3 oz",1.00,61.71,0.0162,0.0000,1,4.3 oz
"Swiffer Sweep + Mop, Wet Pads Refill, Floor Cleaner, Cleaning Cloths, Gain, 24 Count",1.00,61.71,0.0162,0.0000,1,24 Count
"GoGo squeeZ No Sugar Added Apple Applesauce & Fruit Puree Pouches, 3.2 oz (16 Pack)",1.00,61.71,0.0162,0.0000,1,3.2 oz
"Gatorade Sports Drinks, Grape,Strawberry and Berry Flavored Variety Pack, 12 fl oz, 18 Count Bottles",1.00,61.71,0.0162,0.0000,1,12 fl oz
"GoGo squeeZ Active Energy No Sugar Added Strawberry Guava Fruit Blend Pouches, 3.9 oz (4 Pack)",1.00,61.71,0.0162,0.0000,1,3.9 oz
"Morton Iodized Salt, 26 oz",1.00,61.71,0.0162,0.0000,1,26 oz
"Great Value Chili Seasoning Mix, 1.25 oz",1.00,61.71,0.0162,0.0000,1,1.25 oz
"Great Value Medium Egg Noodles, 16 oz",1.00,61.71,0.0162,0.0000,1,16 oz
Mainstays – 8x10 Picture Frame – White Step Program Tabletop Photo Frame,1.00,61.71,0.0162,0.0000,1,8x10
"Pen+Gear No. 1 Size Smooth Paper Clips, Silver, 100 Count",1.00,61.71,0.0162,0.0000,1,100 Count
"Great Value Extra Creamy Dairy Whipped Topping, 13 oz",1.00,61.71,0.0162,0.0000,1,13 oz
M&M's Peanut Milk Chocolate Candy Sharing Size - 10.05 oz Bag,1.00,61.71,0.0162,0.0000,1,10.05 oz
"Jimmy Dean Fully Cooked Original Pork Sausage Links, 9.6 oz, 12 Count",1.00,61.71,0.0162,0.0000,1,9.6 oz
"Great Value Low-Moisture Part-Skim Mozzarella String Cheese Snack, 12 oz, 12 Count",1.00,61.71,0.0162,0.0000,1,12 oz
"Nutella Hazelnut Spread with Cocoa, Creamy Hazelnut Spread, Breakfast Favorite, 33.5 oz Jar",1.00,61.71,0.0162,0.0000,1,33.5 oz
"Fritos® Scoops!® Corn Chips, 9.25 oz. Bag",1.00,61.71,0.0162,0.0000,1,9.25 oz
"Marketside Fresh Shredded Iceberg Lettuce, 16 oz Bag",1.00,61.71,0.0162,0.0000,1,16 oz
"Gatorade 32 oz Gator-skin Bottle, Green, One Size",1.00,61.71,0.0162,0.0000,1,32 oz
"Johnsonville Original Breakfast Sausage, 14 Links, 12 oz (Fresh)",1.00,61.71,0.0162,0.0000,1,12 oz
"Method Repairing Shampoo, Island Mist, 14 fl oz",1.00,61.71,0.0162,0.0000,1,14 fl oz
Native Moisturizing Conditioner Coconut and Vanilla 16.5 fl oz,1.00,61.71,0.0162,0.0000,1,16.5 fl oz
"Wilton Mini Daisy Royal Icing Decorations, Rainbow, 0.33 oz, 32-Pieces",1.00,61.71,0.0162,0.0000,1,0.33 oz
"Great Value Italian Style Finely Shredded Cheese, 8 oz Bag",1.00,61.71,0.0162,0.0000,1,8 oz
"Cheez-It Grooves Sharp White Cheddar Crunchy Cheese Crackers, Snack Crackers, 17 oz",1.00,61.71,0.0162,0.0000,1,17 oz
"King Arthur Baking Company Non-GMO Project Verified, Certified Kosher Unbleached All Purpose Flour, 5 lb Bag",1.00,61.71,0.0162,0.0000,1,5 lb
"Great Value Disposable Paper Plates, 8.5"", 100 Count",1.00,61.71,0.0162,0.0000,1,100 Count
"Cascade Platinum Dishwasher Pods, Dishwasher Detergent, Dish Detergent Soap, Fresh, 12 Count",1.00,61.71,0.0162,0.0000,1,12 Count
"Great Value Evaporated Milk, 12 fl oz",1.00,61.71,0.0162,0.0000,1,12 fl oz
"Great Value 100% Pure Pumpkin, 15 oz",1.00,61.71,0.0162,0.0000,1,15 oz
"Great Value Pure Granulated Sugar, 4 lb",1.00,61.71,0.0162,0.0000,1,4 lb
"Great Value 100% Apple Juice, 96 fl oz",1.00,61.71,0.0162,0.0000,1,96 fl oz
"Ocean Spray® Whole Cranberry Sauce, Canned Side Dish, 14 oz Can",1.00,61.71,0.0162,0.0000,1,14 oz
"Stove Top Stuffing Mix for Turkey, 6 oz Box",1.00,61.71,0.0162,0.0000,1,6 oz
"Heinz HomeStyle Turkey Gravy Value Size, 18 oz Jar",1.00,61.71,0.0162,0.0000,1,18 oz
"Great Value Light Brown Sugar, 32 oz",1.00,61.71,0.0162,0.0000,1,32 oz
"Fresh Lemon, Each",1.00,61.71,0.0162,0.0000,1,
"Fresh Granny Smith Apples, 3 lb Bag",1.00,61.71,0.0162,0.0000,1,3 lb
"(3 pack) Deer Park Spring Water, 2.5 gal, Single Plastic Jug",1.00,61.71,0.0162,0.0000,1,3 pack
Little Debbie Big Pack Christmas Tree Cakes,1.00,61.71,0.0162,0.0000,1,
"Mobil 1 Advanced Full Synthetic Motor Oil 5W-30, 12 Quart",1.00,61.71,0.0162,0.0000,1,
"FRAM Ultra Synthetic Oil Filter, XG4967, 20K mile Replacement Filter for Select Toyota Vehicles",1.00,61.71,0.0162,0.0000,1,
"Arnold Country Style Sourdough Bread, 24 oz, Sourdough Bread, Bag",1.00,61.71,0.0162,0.0000,1,24 oz
"Melitta 8-12 Cup White Basket Coffee Filters, 200 Ct",1.00,61.71,0.0162,0.0000,1,200 Ct
"Ziploc® Brand Sandwich Bags with EasyGuide™ Texture, Grip 'n Seal Technology™, Food Storage, Zipper, 300 Count",1.00,61.71,0.0162,0.0000,1,300 Count
"BelGioioso Freshly Grated Parmesan Cheese, Refrigerated 5 oz Plastic Cup",1.00,61.71,0.0162,0.0000,1,5 oz
"ACE Brand Adjustable Compression Knee Support with Stabilizers, Black/Gray – One Size",1.00,61.71,0.0162,0.0000,1,
Good Spirits: A Novel (Paperback),1.00,61.71,0.0162,0.0000,1,
"Earthbound Farm Organic Fresh Vegetable Tray with Ranch Dip, 40 oz",1.00,61.71,0.0162,0.0000,1,40 oz
"Super Tech Cabin Air Filter, 7280, Replacement Filter for Toyota, Mazda, Lexus",1.00,61.71,0.0162,0.0000,1,
"Maple Grove Farms Pure Maple Syrup, Kosher, 12.5 fl oz",1.00,61.71,0.0162,0.0769,1,12.5 fl oz
"Nestle Toll House Premier White Regular Baking Chips, 12 oz Bag",1.00,61.71,0.0162,0.0769,1,12 oz
"Traditional Medicinals, Organic Turmeric with Meadowsweet & Ginger Herbal Tea Bags, 16 Count",1.00,61.71,0.0162,0.0769,1,16 Count
Traditional Medicinals Organic Nighty Night Extra Valerian Root Herbal Tea Bags,1.00,61.71,0.0162,0.0769,1,
M&M's Milk Chocolate Christmas Candy - 10 oz Bag,1.00,61.71,0.0162,0.0769,1,10 oz
"Kinder's Sunday Pot Roast Stew Seasoning for Slow Cooking, 1.1 oz",1.00,61.71,0.0162,0.0769,1,1.1 oz
"Yogi Tea Elderberry Lemon Balm Immune Plus Stress, Herbal Tea Bags, 16 Count",1.00,61.71,0.0162,0.0769,1,16 Count
"Pillsbury Ready to Bake Cookie Dough, Chocolate Chip, About 30 Cookies, Value Size, 30 oz",1.00,61.71,0.0162,0.0769,1,30 oz
"Fresh Yellow Baby Potatoes, 1.5 lb Bag",1.00,61.71,0.0162,0.0769,1,1.5 lb
Walmart New Tire Install,1.00,61.71,0.0162,0.0769,1,
"Keebler Ready Crust 9-Inch Graham Cracker Pie Crust, Premade Pie Crust For Baking And No-Bake, 6 oz",1.00,61.71,0.0162,0.0769,1,6 oz
"Great Value Cream Cheese Brick, 8 oz Block",1.00,61.71,0.0162,0.0769,1,8 oz
"Land O Lakes Unsalted Butter, 4 Sticks, 1 lb Pack",1.00,61.71,0.0162,0.0769,1,1 lb
"Kellogg's Rice Krispies Breakfast Cereal, 8 Vitamins and Minerals, Family Size, 18 oz",1.00,61.71,0.0162,0.0769,1,18 oz
"Kellogg's Graham Cracker Original Crumbs, Dessert Ingredients, 13.5 oz",1.00,61.71,0.0162,0.0769,1,13.5 oz
"Smash Kitchen Organic Classic Extra Virgin Olive Oil, 16.9 fl oz",1.00,61.71,0.0162,0.0769,1,16.9 fl oz
"Dr Teal's Kids 3-in-1 Bubble Bath, Body Wash & Shampoo with Melatonin & Essential Oil, 20 fl oz",1.00,61.71,0.0162,0.0769,1,20 fl oz
"Tylenol Cold + Flu Severe Caplets for Multi-Symptom Relief, 24 Count.",1.00,61.71,0.0162,0.0769,1,24 Count
"Great Value Cinnamon Sticks, 0.75 oz",1.00,61.71,0.0162,0.0769,1,0.75 oz
"Great Value Organic Pomegranate Juice, 32 fl oz",1.00,61.71,0.0162,0.0769,1,32 fl oz
"Great Value Ground Ginger, 1.5 oz",1.00,61.71,0.0162,0.0769,1,1.5 oz
"Pillsbury Ready to Bake Refrigerated Sugar Cookie Dough, Makes 24 Cookies, 16 oz",1.00,61.71,0.0162,0.0769,1,16 oz
"Pillsbury Ready to Bake Chocolate Chip Cookie Dough, Makes 24 Cookies, 16 oz",1.00,61.71,0.0162,0.0769,1,16 oz
"HONEY MAID Graham Crackers, Lunch Snacks, Easter Baking, 14.4 oz",1.00,61.71,0.0162,0.0769,1,14.4 oz
"Concord Foods Lime Juice, No Pulp, from Concentrate 4.5 oz",1.00,61.71,0.0162,0.0769,1,4.5 oz
"La Chona Cotija Mexican Style Grated Cheese 16 oz. Bag, Refrigerated.",1.00,61.71,0.0162,0.0769,1,16 oz
Pompeian Red Wine Vinegar - 16 fl oz,1.00,61.71,0.0162,0.0769,1,16 fl oz
"Ocean Spray® Cranberry Juice Cocktail, 64 fl oz Bottle",1.00,61.71,0.0162,0.0769,1,64 fl oz
"(2 pack) Welch's Non-Alcoholic Sparkling Rosé Grape Juice Cocktail, 25.4 fl oz Bottle",1.00,61.71,0.0162,0.0769,1,2 pack
"Fresh Cranberries, 12 oz, Bag",1.00,61.71,0.0162,0.0769,1,12 oz
"Fresh Whole Sweet Onion, Each",1.00,61.71,0.0162,0.0769,1,
"Swiffer Dusters Multi-Surface Refills, Unscented, 10 Count Dusters",1.00,61.71,0.0162,0.0769,1,10 Count
"Great Value Mild Diced Tomatoes with Green Chilies, 10 oz",1.00,61.71,0.0162,0.0769,1,10 oz
"McCormick Kosher Ground Cumin, 1.5 oz Bottle",1.00,61.71,0.0162,0.0769,1,1.5 oz
"Great Value Original Ricotta Cheese, 32 oz Tub",1.00,61.71,0.0162,0.0769,1,32 oz
"Mueller's Sodium-Free, Cholesterol-Free Lasagna Pasta, 16 oz (Shelf-Stable)",1.00,61.71,0.0162,0.0769,1,16 oz
"Great Value Crushed Tomatoes with Tomato Puree, 28 oz",1.00,61.71,0.0162,0.0769,1,28 oz
"Welch's Natural Concord Grape Spread, 17 oz Jar",1.00,61.71,0.0162,0.0769,1,17 oz
"Welch's Natural Strawberry Spread, 17 oz Jar",1.00,61.71,0.0162,0.0769,1,17 oz
"Dave's Killer Bread Raisin' The Roof! Organic Breakfast Bread, Cinnamon Raisin Loaf, 18 Oz",1.00,61.71,0.0162,0.0769,1,18 Oz
Lucas Oil Products 10514 Interior Detailer,1.00,61.71,0.0162,0.0769,1,
Hot Honey Cashews - 6oz - Good & Gather™,1.00,61.71,0.0162,0.0769,1,6oz
Kettle Brand Party Size Sea Salt and Vinegar Potato Chips - 13oz,1.00,61.71,0.0162,0.0769,1,13oz
"TPH BY TARAJI Ride or Die Biotin Leave in Conditioner Spray Detangler for Dry Hair | Strength, Moisturizing & Anti Frizz | Natural + Curly Hair Product | Color Safe, 4 oz.",1.00,61.71,0.0162,0.0769,1,4 oz
"Equate 70% Isopropyl Alcohol Antiseptic, 32 fl oz",1.00,61.71,0.0162,0.0769,1,32 fl oz
Uncured Calabrese Salami Prosciutto Capocollo Tray - 6oz - Good & Gather™,1.00,61.71,0.0162,0.0769,1,6oz
Wet Brush Go Green Tea Tree Oil Treatment Comb - Green 1CT,1.00,61.71,0.0162,0.0769,1,1CT
"M&M's Milk Chocolate Candy, Party Size - 38 oz Bag",1.00,61.71,0.0162,0.0769,1,38 oz
"Dr Teal's Epsom Salt Magnesium Soak, Soothe & Sleep with Lavender, 3 lbs",1.00,61.71,0.0162,0.0769,1,3 lbs
"L.A. LOOKS Extreme Sport Tri-Active Hold Gel, for All Hair Types, Men, 20 oz",1.00,61.71,0.0162,0.0769,1,20 oz
"Pen + Gear Economy White Poster Board, 22""x28"", 1 Count",1.00,61.71,0.0162,0.0769,1,1 Count
"Great Value Canned Crushed Pineapple, 20 oz",1.00,61.71,0.0162,0.0769,1,20 oz
"Betty Crocker Delights Super Moist Spice Cake Mix, 13.25 oz",1.00,61.71,0.0162,0.0769,1,13.25 oz
Core Power Elite Vanilla 42G Protein Shake - 14 fl oz Bottle,1.00,61.71,0.0162,0.0769,1,42G
"Dixie Disposable Paper Plates, 8.5"", Multi-Color, 50 Count",1.00,61.71,0.0162,0.0769,1,50 Count
"Great Value Disposable Plastic White Forks, 48 Count",1.00,61.71,0.0162,0.0769,1,48 Count
"Oikos Protein Shake, Shelf Stable, Chocolate, 30g Protein, 12 fl oz, 4 Count​ Bottles",1.00,61.71,0.0162,0.0769,1,30g
Scott 1000 Septic-Safe 1-Ply Toilet Paper - 36 Rolls,1.00,61.71,0.0162,0.0769,1,
Tazo Organic Tea Latte Chai Black Tea - 32 fl oz,1.00,61.71,0.0162,0.0769,1,32 fl oz
Snyder's of Hanover Pretzel Sticks Family Size - 16oz,1.00,61.71,0.0162,0.0769,1,16oz
Oikos Pro Strawberry Cultured Dairy Drink - 3.1 fl oz/6ct,1.00,61.71,0.0162,0.0769,1,3.1 fl oz
Chobani 20g Protein Greek Yogurt Drink Strawberry Cream - 40 fl oz/4ct Bottles,1.00,61.71,0.0162,0.0769,1,20g
Parmesan Baked Cheese Crisp - 2.12oz - Good & Gather™,1.00,61.71,0.0162,0.0769,1,2.12oz
Philadelphia Whipped Cream Cheese Spread - 12oz,1.00,61.71,0.0162,0.0769,1,12oz
Chobani 30g Protein Vanilla Ice Cream Greek Yogurt Drink - 30g Protein 14 fl oz,1.00,61.71,0.0162,0.0769,1,30g
Snack Factory Original Pretzel Crisps - 14oz,1.00,61.71,0.0162,0.0769,1,14oz
Parmesan Cheese Crisps with Everything Seasoning - 2.12oz - Good & Gather™,1.00,61.71,0.0162,0.0769,1,2.12oz
Fresh Organic Honeycrisp Apples - 2lbs Bag - Good & Gather™,1.00,61.71,0.0162,0.0769,1,2lbs
Just Bare Lightly Breaded Chicken Breast Strips - Frozen - 24oz,1.00,61.71,0.0162,0.0769,1,24oz
Sliced Sourdough Bread - 17oz - Favorite Day™,1.00,61.71,0.0162,0.0769,1,17oz
PopCorners Spicy Queso - 7oz,1.00,61.71,0.0162,0.0769,1,7oz
"Oregon Chai Original Chai Concentrate, 32 Fluid Ounces (Pack of 1), Organic & Non-GM)",1.00,61.71,0.0162,0.0769,1,
"Reddi-wip Original Whipped Topping Made with Real Cream, 13 oz",1.00,61.71,0.0162,0.0769,1,13 oz
"Finish Jet-Dry Rinse Aid, Dishwasher Rinse Agent and Drying Agent, 8.45 oz",1.00,61.71,0.0162,0.0769,1,8.45 oz
"Snack Factory Garlic Parmesan Pretzel Crisps, 14 oz Party Size Bag",1.00,61.71,0.0162,0.0769,1,14 oz
"Great Value Dark Green Sanding Sugar, 3.5 oz",1.00,61.71,0.0162,0.0769,1,3.5 oz
"King Arthur Baking Company Non-GMO Project Verified, Certified Kosher Unbleached All Purpose Flour, 10 lb Bag",1.00,61.71,0.0162,0.0769,1,10 lb
"Fresh Whole Carrots, 5 lb Bag",1.00,61.71,0.0162,0.0769,1,5 lb
"Fresh Celery Sticks, 20 oz Bag",1.00,61.71,0.0162,0.0769,1,20 oz
"Great Value Disposable Paper Plates, 10"", 150 Count",1.00,61.71,0.0162,0.0769,1,150 Count
"Secret Aluminum Free Women's Deodorant Solid, Cotton, 2.4 oz",1.00,61.71,0.0162,0.0769,1,2.4 oz
"Oikos Triple Zero 15g Protein, 0g Added Sugar, Fat Free Vanilla Greek Yogurt Cups, 5.3 oz, 4 Count",1.00,61.71,0.0162,0.0769,1,15g
"Vermont Creamery Classic Goat Cheese Log, 4 oz",1.00,61.71,0.0162,0.0769,1,4 oz
"Betty Crocker Favorites Super Moist Yellow Cake Mix, 13.25 oz",1.00,61.71,0.0162,0.0769,1,13.25 oz
"Oral‑B Floss, Glide Ultra Deep Clean Floss Picks 75 Count",1.00,61.71,0.0162,0.0769,1,75 Count
"Jell-O French Vanilla Instant Pudding & Pie Filling Mix, 3.4 oz Box",1.00,61.71,0.0162,0.0769,1,3.4 oz
"Nestle Toll House Milk Chocolate Regular Baking Chips,  11.5 oz Bag",1.00,61.71,0.0162,0.0769,1,11.5 oz
"Planet Oat, Original Oatmilk, Dairy Free, 52 oz, Refrigerated Cardboard Carton",1.00,61.71,0.0162,0.0769,1,52 oz
Tazo Organic Green Ginger Tea Bags - 16ct,1.00,61.71,0.0162,0.0769,1,16ct
Tazo Passion Herbal Tea Bags - 20ct,1.00,61.71,0.0162,0.0769,1,20ct
Tazo Wild Sweet Orange Caffeine-Free Herbal Tea Bags - 20ct,1.00,61.71,0.0162,0.0769,1,20ct
Hass Avocados - 4ct - Good & Gather™,1.00,61.71,0.0162,0.0769,1,4ct
Siete Mild Taco Seasoning - 1.31oz,1.00,61.71,0.0162,0.0769,1,1.31oz
"Finish Jet-Dry Rinse Aid, Dishwasher Rinse & Drying Agent - 8.45 fl oz: Plastic Bottle,",1.00,61.71,0.0162,0.0769,1,8.45 fl oz
Cascade Complete Dishwashing Liquid Gel Fresh Detergent - 120 fl oz,1.00,61.71,0.0162,0.0769,1,120 fl oz
GoGo SqueeZ No Sugar Added Applesauce and Fruit Puree Apple Apple - 3.2oz/20ct,1.00,61.71,0.0162,0.0769,1,3.2oz
Tide Free & Gentle Unscented HE Deep Cleaning Concentrated Liquid Laundry,1.00,61.71,0.0162,0.0769,1,
Goodnites Boys' Disposable Nighttime Underwear - Size XS - 44ct | HRA/FSA Eligible,1.00,61.71,0.0162,0.0769,1,44ct
Kettle Brand Sea Salt and Vinegar Kettle Potato Chips - 7.5oz,1.00,61.71,0.0162,0.0769,1,7.5oz
Creamy Peanut Butter - 40oz - Good & Gather™,1.00,61.71,0.0162,0.0769,1,40oz
Grade A Large Eggs - 18ct - Good & Gather™ (Packaging May Vary),1.00,61.71,0.0162,0.0769,1,18ct
"Pepperidge Farm Butter Hot Dog Buns, Top Sliced, 8-Pack Bag",1.00,61.71,0.0162,0.0769,1,
"Character Toddler Boy Briefs, 6- Pack, Sizes 2T-4T",1.00,61.71,0.0162,0.0769,1,
"Fresh Yellow Bell Pepper, Each",1.00,61.71,0.0162,0.0769,1,
"Coffee mate Harry Potter Butterbeer Flavored Cold Foam Creamer, Gluten Free Creamer 14 oz",1.00,61.71,0.0162,0.0769,1,14 oz
"Fresh Small Hass Avocados, 5-6 Count Bag",1.00,61.71,0.0162,0.0769,1,6 Count
"Fresh Produce, Whole Green Cilantro, 1 Bunch",1.00,61.71,0.0162,0.0769,1,
"Dum Dums Valentines cards for kids classroom, Valentines Party Favors, Original Flavors Lollipops Valentines Candy Bouquets, 8.6 oz, 50 Ct Box",1.00,61.71,0.0162,0.0769,1,8.6 oz
"Dixie To Go Disposable Paper Cups, 12 oz, Multi-Color, 36 Count",1.00,61.71,0.0162,0.0769,1,12 oz
"Horizon Organic Half and Half Carton, 32 fl oz​",1.00,61.71,0.0162,0.0769,1,32 fl oz
"Horizon Organic Real Dairy Homestyle Vanilla Coffee Creamer Carton, 24 fl oz",1.00,61.71,0.0162,0.0769,1,24 fl oz
Fleischmann's Classic Bread Machine Instant Yeast 4 oz Jar.,1.00,61.71,0.0162,0.0769,1,4 oz
"Smucker's Simply Fruit Seedless Strawberry Fruit Spread, 10 oz",1.00,61.71,0.0162,0.0769,1,10 oz
Kraft Parmesan Finely Shredded Natural Cheese 6oz Bag,1.00,61.71,0.0162,0.0769,1,6oz
"Horizon Organic High Vitamin D Whole Milk, High Vitamin D Whole, 64 fl oz Carton",1.00,61.71,0.0162,0.0769,1,64 fl oz
"Stouffer's Classic Lasagna with Meat and Sauce, Party Size Pasta, Frozen Meals, 90 oz (Frozen)",1.00,61.71,0.0162,0.0769,1,90 oz
"Smucker’s Uncrustables Peanut Butter & Raspberry Spread Sandwiches, 4 Count, 2 oz Each, Frozen",1.00,61.71,0.0162,0.0769,1,4 Count
"Method Curl Defining Co-Wash, Coco Twist, 13.5Oz",1.00,61.71,0.0162,0.0769,1,13.5Oz
"Aveeno Therapeutic Shave Gel for Dry Skin with Oat & Vitamin E, Shaving Cream for Men & Women, 7 oz",1.00,61.71,0.0162,0.0769,1,7 oz
"Method Moisturizing Conditioner, Simply Nourish, Sulfate Free, and Cruelty Free, 13.5 fl oz",1.00,61.71,0.0162,0.0769,1,13.5 fl oz
"(2 pack) Dr Teal's Epsom Salt Magnesium Soak, Relax & Relief with Eucalyptus & Spearmint, 3 lbs",1.00,61.71,0.0162,0.0769,1,2 pack
"Great Value Dry Roasted Peanuts, 16 oz",1.00,61.71,0.0162,0.0769,1,16 oz
"Great Value Parmesan Finely Shredded Cheese, 6 oz Bag",1.00,61.71,0.0162,0.0769,1,6 oz
"Great Value Sweet Peas, 12 oz (Frozen) Steamable Bag, No Added Sugars",1.00,61.71,0.0162,0.0769,1,12 oz
CHICK ENCHIL,1.00,61.71,0.0162,0.0769,1,
CHOC CARAMEL,1.00,61.71,0.0162,0.0769,1,
KS BAGS 200,1.00,61.71,0.0162,0.0769,1,
BUBLY 24/12,1.00,61.71,0.0162,0.0769,1,
CLOUDLINE PN,1.00,61.71,0.0162,0.0769,1,
CHICALFREDO,1.00,61.71,0.0162,0.0769,1,
"Utz Braided Twists Honey Wheat Pretzels, 14 oz Bag",1.00,61.71,0.0162,0.0000,1,14 oz
